SRR2938063_1	ZP_04405450	96.67	30	1	0	108	19	276	305	2e-17	72.4
SRR2938063_3	ZP_03949893	65.22	46	16	0	3	140	55	100	8e-16	67.8
SRR2938063_5	AF462611.1.orf0.gene.p01	71.74	46	13	0	142	5	119	164	5e-20	79.3
SRR2938063_6	BAC79067	100.00	36	0	0	2	109	243	278	9e-19	75.5
SRR2938063_9	JQ861959.1.gene7.p01	60.87	46	18	0	140	3	119	164	2e-14	63.2
SRR2938063_10	YP_932216	57.45	47	20	0	2	142	144	190	3e-12	58.2
SRR2938063_11	gi|1031799645|ref|WP_064138838.1|	63.83	47	17	0	2	142	457	503	8e-16	69.7
SRR2938063_12	AF313472.2.gene15.p01	100.00	46	0	0	140	3	42	87	5e-26	95.9
SRR2938063_14	L42544.gene.p01	61.36	44	17	0	7	138	67	110	7e-13	61.2
SRR2938063_15	AF313472.2.gene15.p01	97.83	46	1	0	140	3	79	124	2e-25	93.6
SRR2938063_16	AE016830.1.gene768.p01	84.85	33	5	0	100	2	6	38	2e-11	56.6
SRR2938063_17	AB114632.1.gene2.p01	100.00	47	0	0	142	2	75	121	4e-28	 101
SRR2938063_20	gi|1002798395|gb|AMN85478.1|	60.87	46	18	0	1	138	77	122	2e-16	70.5
SRR2938063_21	gi|823291602|ref|WP_047047573.1|	63.41	41	15	0	125	3	136	176	5e-11	55.8
SRR2938063_22	ZP_04543635	95.74	47	2	0	142	2	210	256	5e-26	95.5
SRR2938063_24	gi|919973700|ref|WP_052924616.1|	100.00	43	0	0	142	14	237	279	1e-23	89.4
SRR2938063_28	P70882	100.00	43	0	0	142	14	599	641	7e-24	92.4
SRR2938063_29	gi|823281237|ref|WP_047037467.1|	66.67	45	15	0	139	5	132	176	2e-14	65.5
SRR2938063_32	gi|499230504|ref|WP_010928044.1|	77.27	44	10	0	133	2	752	795	4e-20	82.4
SRR2938063_35	AAX54909	61.70	47	18	0	1	141	95	141	1e-18	75.1
SRR2938063_36	gi|542061059|gb|ERI11611.1|	72.34	47	13	0	2	142	139	185	1e-18	75.9
SRR2938063_38	gi|502669352|ref|WP_012905216.1|	63.89	36	13	0	134	27	19	54	1e-08	49.3
SRR2938063_39	AF162694.1.gene5.p01	63.64	44	16	0	6	137	71	114	2e-14	63.5
SRR2938063_40	AJ313523.1.orf0.gene.p01	76.09	46	11	0	140	3	11	56	6e-11	53.9
SRR2938063_41	gi|754724054|ref|WP_042095806.1|	61.90	42	16	0	127	2	125	166	5e-10	53.1
SRR2938063_42	gi|1032695345|ref|WP_064272854.1|	61.70	47	18	0	141	1	505	551	1e-13	63.5
SRR2938063_44	P70882	100.00	46	0	0	140	3	476	521	3e-28	 104
SRR2938063_45	P70882	100.00	47	0	0	142	2	282	328	1e-24	94.7
SRR2938063_46	gi|488247627|ref|WP_002318835.1|	65.96	47	16	0	2	142	150	196	6e-16	69.7
SRR2938063_47	GQ205627.2.gene1.p01	69.57	46	14	0	4	141	380	425	4e-16	70.5
SRR2938063_50	L09756.gene.p01	82.61	46	8	0	140	3	408	453	2e-19	80.1
SRR2938063_54	CP001485.1.gene721.p01	63.83	47	17	0	1	141	72	118	3e-17	70.9
SRR2938063_57	AF121000.gene.p01	76.09	46	11	0	4	141	2	47	3e-15	67.4
SRR2938063_58	gi|914349733|ref|WP_050583593.1|	100.00	47	0	0	141	1	143	189	7e-30	 105
SRR2938063_59	gi|496018010|ref|WP_008742581.1|	60.47	43	17	0	133	5	544	586	2e-12	59.7
SRR2938063_60	gi|499772318|ref|WP_011453052.1|	100.00	47	0	0	141	1	61	107	9e-26	95.1
SRR2938063_62	gi|505807117|ref|WP_015704872.1|	63.04	46	17	0	3	140	132	177	7e-14	64.3
SRR2938063_63	gi|452996227|gb|AGG19410.1|	48.94	47	24	0	142	2	194	240	4e-11	54.7
SRR2938063_65	CP001485.1.gene721.p01	58.54	41	17	0	125	3	71	111	8e-09	48.1
SRR2938063_68	gi|196026161|gb|EDX64829.1|	54.76	42	19	0	130	5	294	335	2e-10	53.5
SRR2938063_72	gi|764278838|ref|WP_044327089.1|	64.44	45	16	0	1	135	136	180	1e-14	65.9
SRR2938063_73	gi|157139469|gb|ABV24340.1|	61.70	47	18	0	141	1	86	132	5e-15	64.7
SRR2938063_74	gi|516001066|ref|WP_017431649.1|	63.83	47	17	0	1	141	434	480	8e-14	63.9
SRR2938063_75	ACL81266	63.04	46	17	0	140	3	98	143	3e-14	62.8
SRR2938063_76	gi|751908677|ref|WP_041124075.1|	100.00	47	0	0	2	142	126	172	2e-27	99.8
SRR2938063_78	gi|920543935|ref|WP_052997557.1|	63.04	46	17	0	140	3	472	517	1e-11	57.4
SRR2938063_79	gi|817122037|ref|WP_046494699.1|	61.70	47	18	0	1	141	504	550	1e-11	57.4
SRR2938063_81	gi|446026113|ref|WP_000103968.1|	60.47	43	17	0	1	129	23	65	9e-11	54.3
SRR2938063_82	gi|1043542993|ref|WP_065386235.1|	70.73	41	12	0	123	1	415	455	1e-17	74.7
SRR2938063_84	AY162283.2.gene7.p01	100.00	47	0	0	141	1	130	176	7e-26	94.0
SRR2938063_85	YP_002861121	86.96	46	6	0	3	140	123	168	1e-22	85.5
SRR2938063_89	AAK58492	58.70	46	19	0	138	1	59	104	2e-15	65.9
SRR2938063_90	gi|695842130|ref|WP_032755430.1|	62.22	45	17	0	140	6	537	581	5e-12	58.9
SRR2938063_92	gi|655401130|ref|WP_028800283.1|	66.67	45	15	0	141	7	493	537	9e-15	66.6
SRR2938063_94	AJ420072.gene.p01	63.83	47	17	0	1	141	220	266	4e-16	69.7
SRR2938063_95	YP_001969930	97.87	47	1	0	141	1	57	103	8e-24	90.1
SRR2938063_96	AB114632.1.gene2.p01	100.00	46	0	0	3	140	94	139	4e-27	98.6
SRR2938063_97	gi|1032695345|ref|WP_064272854.1|	70.21	47	14	0	1	141	480	526	9e-16	69.3
SRR2938063_98	gi|1032695345|ref|WP_064272854.1|	70.21	47	14	0	142	2	481	527	1e-15	69.3
SRR2938063_100	YP_001401993	61.36	44	17	0	134	3	104	147	3e-11	55.8
SRR2938063_102	gi|516510995|ref|WP_017899433.1|	72.73	44	12	0	140	9	134	177	5e-15	67.4
SRR2938063_103	gi|537465895|ref|WP_020977391.1|	62.22	45	17	0	3	137	452	496	2e-12	60.1
SRR2938063_104	U19459.gene.p01	78.72	47	10	0	141	1	65	111	2e-22	85.5
SRR2938063_105	YP_002894485	100.00	45	0	0	142	8	29	73	2e-27	 100
SRR2938063_106	gi|496018010|ref|WP_008742581.1|	67.39	46	15	0	139	2	543	588	4e-16	70.5
SRR2938063_107	P70882	100.00	43	0	0	2	130	200	242	1e-23	91.7
SRR2938063_108	AB114632.1.gene2.p01	97.83	46	1	0	140	3	36	81	1e-23	89.4
SRR2938063_109	gi|1031799645|ref|WP_064138838.1|	70.21	47	14	0	142	2	471	517	1e-16	71.6
SRR2938063_110	AJ514254.gene.p01	100.00	47	0	0	2	142	466	512	1e-28	 105
SRR2938063_112	AF313472.2.gene15.p01	97.83	46	1	0	140	3	83	128	4e-25	93.2
SRR2938063_114	AAK91782	63.04	46	16	1	140	3	29	73	3e-15	65.5
SRR2938063_116	gi|446026113|ref|WP_000103968.1|	60.87	46	18	0	2	139	134	179	7e-14	62.8
SRR2938063_118	BAD46890	100.00	47	0	0	2	142	250	296	3e-26	99.4
SRR2938063_121	AY162283.2.gene7.p01	100.00	46	0	0	139	2	136	181	2e-25	92.8
SRR2938063_123	gi|545272242|ref|WP_021561466.1|	95.65	46	2	0	1	138	159	204	3e-25	93.6
SRR2938063_125	CP004022.1.gene1674.p01	63.41	41	15	0	6	128	397	437	5e-12	58.9
SRR2938063_127	AB114632.1.gene2.p01	97.30	37	1	0	112	2	1	37	4e-18	73.6
SRR2938063_128	gi|920549847|ref|WP_052999080.1|	60.47	43	17	0	2	130	366	408	3e-12	59.3
SRR2938063_130	gi|554685678|ref|WP_023185565.1|	63.04	46	17	0	140	3	141	186	6e-15	67.0
SRR2938063_132	AAW34142	67.50	40	13	0	8	127	70	109	4e-12	59.3
SRR2938063_136	AAA50325	66.67	33	11	0	133	35	58	90	9e-09	49.3
SRR2938063_137	DQ464881.1.gene4.p01	100.00	34	0	0	3	104	33	66	8e-17	69.3
SRR2938063_139	gi|860594225|ref|WP_048475168.1|	63.83	47	17	0	142	2	483	529	4e-14	64.7
SRR2938063_140	P70882	97.87	47	1	0	2	142	594	640	1e-25	97.8
SRR2938063_141	gi|1045390184|ref|WP_065479071.1|	65.96	47	16	0	1	141	486	532	2e-15	68.6
SRR2938063_144	AF071555.1.gene10.p01	100.00	45	0	0	137	3	12	56	6e-25	89.7
SRR2938063_145	AAA50325	60.00	45	18	0	140	6	212	256	1e-14	66.2
SRR2938063_145	AAA50325	58.97	39	16	0	140	24	513	551	5e-09	50.1
SRR2938063_147	ZP_04623896	72.34	47	13	0	2	142	32	78	4e-18	75.1
SRR2938063_148	AF121000.gene.p01	73.33	30	8	0	2	91	238	267	7e-08	46.6
SRR2938063_149	AJ420072.gene.p01	100.00	47	0	0	141	1	71	117	3e-23	89.4
SRR2938063_150	gi|930482089|ref|WP_054228897.1|	60.00	45	18	0	137	3	491	535	2e-10	53.9
SRR2938063_151	AF121000.gene.p01	84.38	32	5	0	98	3	336	367	5e-12	57.4
SRR2938063_152	gi|730611858|ref|WP_034052523.1|	64.44	45	16	0	6	140	152	196	4e-15	68.2
SRR2938063_153	gi|943938624|ref|WP_055567802.1|	65.96	47	16	0	141	1	507	553	3e-13	62.4
SRR2938063_154	gi|685899575|ref|WP_031640202.1|	100.00	47	0	0	2	142	185	231	3e-25	94.0
SRR2938063_156	CP001918.1.gene5135.p01	73.33	45	12	0	4	138	51	95	2e-18	74.3
SRR2938063_157	gi|1011969930|ref|WP_062776015.1|	72.34	47	13	0	142	2	519	565	6e-16	70.1
SRR2938063_158	gi|485731880|ref|WP_001359514.1|	65.22	46	16	0	140	3	393	438	1e-13	63.9
SRR2938063_160	P70882	100.00	47	0	0	1	141	161	207	8e-28	 103
SRR2938063_161	AAW34142	63.89	36	13	0	141	34	74	109	1e-09	51.6
SRR2938063_162	gi|488957605|ref|WP_002868680.1|	73.33	45	12	0	1	135	883	927	6e-16	70.5
SRR2938063_168	L42544.gene.p01	100.00	46	0	0	3	140	514	559	5e-29	 107
SRR2938063_169	YP_002937728	60.87	46	18	0	3	140	224	269	2e-11	56.2
SRR2938063_177	ZP_04055725	67.50	40	13	0	142	23	224	263	3e-13	60.8
SRR2938063_180	gi|951157033|ref|WP_057637070.1|	76.60	47	11	0	142	2	906	952	8e-18	75.9
SRR2938063_182	ABV82118	56.52	46	20	0	3	140	51	96	3e-14	65.5
SRR2938063_184	gi|961351111|gb|ALS00865.1|	78.57	42	9	0	17	142	2	43	1e-19	79.7
SRR2938063_185	ZP_04556181	64.44	45	16	0	140	6	22	66	1e-14	64.7
SRR2938063_186	ABD46539	100.00	47	0	0	142	2	142	188	3e-26	99.4
SRR2938063_188	gi|742378414|ref|WP_038857601.1|	61.70	47	18	0	1	141	134	180	9e-13	60.8
SRR2938063_191	ACM47287	55.56	45	19	1	4	135	76	120	1e-09	51.2
SRR2938063_193	gi|446519900|ref|WP_000597246.1|	61.70	47	18	0	2	142	516	562	6e-14	64.3
SRR2938063_194	gi|446026113|ref|WP_000103968.1|	61.90	42	16	0	131	6	19	60	9e-13	59.7
SRR2938063_195	AJ514254.gene.p01	100.00	46	0	0	140	3	473	518	2e-28	 105
SRR2938063_196	gi|1024294541|ref|WP_063492322.1|	59.57	47	19	0	1	141	960	1006	2e-10	54.7
SRR2938063_197	YP_002937728	75.86	29	7	0	1	87	11	39	1e-08	47.4
SRR2938063_201	M57437.gene.p01	58.97	39	16	0	139	23	29	67	9e-08	46.6
SRR2938063_202	AJ420072.gene.p01	100.00	47	0	0	1	141	164	210	6e-16	69.3
SRR2938063_203	gi|1028098568|ref|WP_063855066.1|	100.00	47	0	0	2	142	203	249	1e-25	94.7
SRR2938063_204	YP_316450	61.70	47	18	0	142	2	149	195	2e-13	61.2
SRR2938063_207	gi|545272242|ref|WP_021561466.1|	97.87	47	1	0	141	1	186	232	5e-26	95.5
SRR2938063_208	AJ514254.gene.p01	82.98	47	8	0	141	1	587	633	4e-22	87.4
SRR2938063_209	CP001485.1.gene721.p01	68.18	44	14	0	2	133	75	118	9e-16	67.0
SRR2938063_210	gi|686138432|ref|WP_031775762.1|	63.04	46	17	0	138	1	442	487	1e-14	66.2
SRR2938063_211	AJ420072.gene.p01	96.15	26	1	0	79	2	1	26	3e-08	47.4
SRR2938063_212	gi|1031799645|ref|WP_064138838.1|	56.52	46	20	0	4	141	471	516	2e-12	60.1
SRR2938063_213	DQ464881.1.gene4.p01	100.00	46	0	0	3	140	82	127	5e-28	99.0
SRR2938063_217	CAB61230	68.89	45	14	0	2	136	311	355	5e-16	69.3
SRR2938063_218	AB114632.1.gene2.p01	100.00	47	0	0	141	1	218	264	3e-26	96.3
SRR2938063_219	AY162283.2.gene7.p01	100.00	47	0	0	141	1	119	165	5e-27	96.7
SRR2938063_221	gi|763097172|ref|WP_043977684.1|	56.52	46	20	0	138	1	114	159	2e-11	56.6
SRR2938063_224	AAW34142	67.50	40	13	0	130	11	70	109	4e-12	59.3
SRR2938063_225	gi|921973852|ref|WP_053266543.1|	100.00	47	0	0	1	141	17	63	3e-27	99.0
SRR2938063_227	YP_001477378	63.83	47	17	0	142	2	86	132	4e-13	61.2
SRR2938063_228	gi|582967196|ref|WP_024139657.1|	100.00	45	0	0	2	136	35	79	5e-26	95.9
SRR2938063_229	gi|1035706844|ref|WP_064548272.1|	62.50	40	15	0	16	135	524	563	7e-08	47.0
SRR2938063_230	gi|974628291|ref|WP_059215695.1|	55.32	47	19	1	2	142	127	171	3e-08	47.8
SRR2938063_232	gi|545272242|ref|WP_021561466.1|	100.00	47	0	0	141	1	19	65	2e-26	97.1
SRR2938063_233	DQ464881.1.gene4.p01	100.00	44	0	0	9	140	1	44	1e-25	92.8
SRR2938063_235	DQ464881.1.gene4.p01	100.00	35	0	0	1	105	129	163	3e-18	73.6
SRR2938063_236	AJ514254.gene.p01	63.83	47	17	0	142	2	58	104	9e-14	63.9
SRR2938063_237	gi|736472622|ref|WP_034494292.1|	58.97	39	16	0	11	127	141	179	2e-10	54.3
SRR2938063_239	AJ295238.gene.p01	100.00	47	0	0	142	2	591	637	1e-30	 111
SRR2938063_241	gi|657322971|ref|WP_029396025.1|	60.87	46	18	0	138	1	364	409	2e-11	57.8
SRR2938063_242	gi|860594225|ref|WP_048475168.1|	63.83	47	17	0	141	1	481	527	2e-14	65.9
SRR2938063_243	gi|691009446|ref|WP_031973547.1|	100.00	47	0	0	2	142	172	218	2e-25	94.0
SRR2938063_245	AB114632.1.gene2.p01	97.06	34	1	0	103	2	4	37	8e-16	66.6
SRR2938063_246	gi|62736928|gb|AAX97756.1|	73.33	45	12	0	136	2	26	70	2e-16	69.7
SRR2938063_250	NC_010558.1.6275994.p01	82.98	47	8	0	141	1	85	131	8e-22	84.0
SRR2938063_251	AAA50325	61.70	47	18	0	141	1	213	259	4e-16	70.5
SRR2938063_251	AAA50325	48.89	45	23	0	141	7	514	558	2e-08	48.1
SRR2938063_254	BAB71968	100.00	46	0	0	140	3	449	494	6e-28	 103
SRR2938063_256	AM410044.gene9.p01	100.00	44	0	0	2	133	49	92	3e-27	95.5
SRR2938063_257	gi|663330365|ref|WP_030329892.1|	69.70	33	10	0	1	99	552	584	2e-09	50.4
SRR2938063_258	gi|493394434|ref|WP_006350564.1|	62.22	45	17	0	1	135	549	593	2e-12	60.1
SRR2938063_261	Q52360	100.00	47	0	0	2	142	108	154	6e-25	95.5
SRR2938063_262	AAV80410	82.98	47	8	0	2	142	316	362	9e-20	80.9
SRR2938063_264	Q52360	100.00	46	0	0	3	140	359	404	1e-23	92.0
SRR2938063_265	CAL48457	71.79	39	10	1	140	24	43	80	8e-13	58.5
SRR2938063_266	P70882	100.00	46	0	0	140	3	560	605	1e-26	 100
SRR2938063_267	AAC60781	62.16	37	14	0	4	114	372	408	3e-10	53.1
SRR2938063_268	AAA27431	100.00	47	0	0	1	141	168	214	9e-26	94.7
SRR2938063_270	gi|319894056|gb|ADV76307.1|	60.87	46	17	1	6	140	59	104	2e-13	62.8
SRR2938063_272	ACM47287	65.62	32	11	0	97	2	88	119	2e-09	50.8
SRR2938063_273	gi|7715978|gb|AAF68230.1|AF203972_3	97.50	40	1	0	10	129	1	40	2e-21	82.4
SRR2938063_274	gi|639225329|ref|WP_024561799.1|	71.11	45	13	0	2	136	21	65	1e-14	66.2
SRR2938063_275	YP_001186705	55.32	47	21	0	141	1	448	494	2e-11	57.0
SRR2938063_276	YP_001797193	62.79	43	15	1	10	135	7	49	6e-10	52.0
SRR2938063_277	ZP_04528247	72.34	47	13	0	142	2	150	196	1e-09	50.8
SRR2938063_281	gi|489421661|ref|WP_003327389.1|	72.73	33	9	0	7	105	37	69	2e-09	48.5
SRR2938063_283	CAQ86961	96.00	25	1	0	66	140	1	25	1e-11	56.2
SRR2938063_284	NC_002745.1124086.p01	50.00	42	21	0	3	128	85	126	6e-09	47.4
SRR2938063_285	YP_009182146.1	100.00	31	0	0	95	3	1	31	6e-14	60.8
SRR2938063_286	AAN28721	79.49	39	8	0	132	16	1	39	6e-18	71.2
SRR2938063_287	DQ464881.1.gene2.p01	100.00	47	0	0	1	141	78	124	1e-26	97.4
SRR2938063_288	AAX54909	68.75	32	10	0	97	2	98	129	2e-14	63.2
SRR2938063_289	gi|496018010|ref|WP_008742581.1|	68.09	47	15	0	1	141	514	560	2e-15	68.9
SRR2938063_291	BAD46890	96.97	33	1	0	2	100	439	471	1e-15	68.9
SRR2938063_292	gi|516364340|ref|WP_017754373.1|	86.96	46	6	0	140	3	223	268	7e-22	85.5
SRR2938063_294	gi|803568669|ref|WP_046077412.1|	60.47	43	17	0	142	14	21	63	3e-10	53.5
SRR2938063_295	gi|759527374|ref|WP_043247487.1|	60.00	45	18	0	142	8	489	533	4e-11	56.2
SRR2938063_296	gi|488231473|ref|WP_002302681.1|	65.91	44	15	0	2	133	155	198	9e-15	66.2
SRR2938063_297	gi|976150171|ref|WP_059308384.1|	48.00	50	22	1	141	4	5	54	1e-08	48.9
SRR2938063_298	gi|930426663|ref|WP_054189647.1|	66.67	45	15	0	6	140	523	567	1e-14	66.2
SRR2938063_299	AY082011.1.gene2.p1	55.56	36	16	0	122	15	99	134	6e-11	52.8
SRR2938063_300	AY712687.1.gene1.p01	93.75	32	2	0	1	96	42	73	4e-15	65.5
SRR2938063_303	U19459.gene.p01	71.88	32	9	0	142	47	180	211	3e-12	57.0
SRR2938063_304	CP003583.1.gene2512.p01	61.70	47	18	0	141	1	451	497	2e-13	62.4
SRR2938063_305	gi|746038505|ref|WP_039110078.1|	70.45	44	13	0	134	3	106	149	5e-15	64.3
SRR2938063_308	gi|974628291|ref|WP_059215695.1|	55.32	47	21	0	141	1	139	185	1e-09	51.6
SRR2938063_309	DQ018711.1.gene7.p01	70.59	34	10	0	41	142	184	217	5e-12	57.8
SRR2938063_311	gi|503028807|ref|WP_013263783.1|	100.00	47	0	0	1	141	51	97	8e-27	98.2
SRR2938063_312	Q52360	100.00	47	0	0	141	1	395	441	5e-25	95.9
SRR2938063_313	AAW34142	69.44	36	11	0	142	35	74	109	2e-10	54.3
SRR2938063_316	L07945.1.gene1.p01	80.49	41	8	0	142	20	225	265	2e-17	71.6
SRR2938063_317	AF313472.2.gene15.p01	97.87	47	1	0	2	142	84	130	6e-26	95.5
SRR2938063_319	gi|752682279|ref|WP_041330231.1|	65.22	46	16	0	3	140	98	143	6e-17	71.6
SRR2938063_321	BAD60925	54.55	44	20	0	1	132	309	352	1e-09	51.2
SRR2938063_322	gi|504872883|ref|WP_015059985.1|	71.11	45	13	0	136	2	99	143	2e-18	76.3
SRR2938063_327	gi|895865878|ref|WP_048974758.1|	60.00	45	18	0	3	137	144	188	2e-12	60.1
SRR2938063_328	AAA50325	62.79	43	16	0	142	14	214	256	2e-10	53.9
SRR2938063_329	ZP_04405450	96.67	30	1	0	91	2	275	304	5e-19	71.6
SRR2938063_329	ZP_04405450	80.00	25	3	1	140	72	259	283	5e-19	36.6
SRR2938063_335	JQ861959.1.gene7.p01	61.70	47	18	0	2	142	159	205	6e-14	62.0
SRR2938063_336	CAB61229	55.56	45	20	0	141	7	75	119	1e-13	60.8
SRR2938063_340	ZP_03949893	78.26	46	10	0	1	138	40	85	1e-18	75.5
SRR2938063_341	ZP_03949893	78.26	46	10	0	1	138	40	85	1e-18	75.5
SRR2938063_342	gi|496018010|ref|WP_008742581.1|	62.22	45	17	0	138	4	549	593	1e-13	63.5
SRR2938063_343	gi|554277680|gb|ESH13448.1|	71.74	46	13	0	3	140	863	908	2e-18	77.8
SRR2938063_344	gi|748767925|ref|WP_040019608.1|	63.83	47	17	0	142	2	527	573	2e-13	62.8
SRR2938063_345	P42332	64.44	45	16	0	6	140	14	58	4e-15	66.2
SRR2938063_346	gi|935552845|ref|WP_054445898.1|	100.00	35	0	0	140	36	244	278	2e-18	74.3
SRR2938063_347	gi|671541568|ref|WP_031525212.1|	60.00	40	16	0	137	18	121	160	3e-10	53.9
SRR2938063_350	AB114632.1.gene2.p01	97.83	46	1	0	140	3	134	179	3e-25	93.6
SRR2938063_357	NP_348076	62.86	35	13	0	110	6	6	40	3e-09	50.4
SRR2938063_359	AJ514254.gene.p01	80.49	41	8	0	128	6	408	448	2e-17	73.9
SRR2938063_360	BAD46890	94.74	38	2	0	116	3	1	38	9e-19	78.2
SRR2938063_361	BAD46890	100.00	47	0	0	1	141	231	277	1e-26	 100
SRR2938063_363	ABD46539	100.00	46	0	0	3	140	564	609	6e-26	98.2
SRR2938063_364	BAD46890	100.00	30	0	0	2	91	435	464	2e-14	65.1
SRR2938063_365	U19459.gene.p01	60.78	51	16	1	2	142	21	71	9e-15	63.9
SRR2938063_366	ABQ96629	100.00	46	0	0	140	3	142	187	5e-25	92.8
SRR2938063_368	YP_001350280	65.96	47	15	1	140	3	905	951	1e-12	60.5
SRR2938063_371	gi|62736928|gb|AAX97756.1|	73.91	46	12	0	3	140	33	78	7e-16	68.2
SRR2938063_373	L42544.gene.p01	93.62	47	3	0	142	2	404	450	2e-25	97.1
SRR2938063_375	CAB61229	67.39	46	15	0	140	3	75	120	2e-16	68.9
SRR2938063_376	AAA50325	58.97	39	16	0	13	129	42	80	6e-08	47.0
SRR2938063_377	P70882	97.83	46	1	0	140	3	33	78	7e-27	 100
SRR2938063_379	gi|446110301|ref|WP_000188156.1|	61.70	47	18	0	2	142	51	97	4e-13	62.0
SRR2938063_380	CP001485.1.gene721.p01	57.14	42	14	1	3	116	87	128	8e-10	50.8
SRR2938063_381	Q52360	100.00	47	0	0	1	141	438	484	1e-29	 108
SRR2938063_383	M14730.gene.p01	100.00	47	0	0	142	2	5	51	5e-27	98.6
SRR2938063_385	M80346.gene.p01	60.00	30	12	0	50	139	197	226	4e-09	50.4
SRR2938063_386	BAD60925	50.00	46	23	0	4	141	316	361	2e-10	53.5
SRR2938063_387	gi|488957605|ref|WP_002868680.1|	82.14	28	5	0	86	3	879	906	6e-09	50.1
SRR2938063_388	AB114632.1.gene2.p01	100.00	47	0	0	141	1	63	109	1e-26	97.4
SRR2938063_389	YP_009182146.1	100.00	46	0	0	3	140	61	106	3e-25	90.5
SRR2938063_391	ACM47287	65.62	32	11	0	47	142	89	120	2e-09	50.8
SRR2938063_392	gi|499229009|ref|WP_010926549.1|	68.09	47	15	0	1	141	929	975	6e-13	61.6
SRR2938063_393	DQ464881.1.gene4.p01	100.00	47	0	0	142	2	103	149	2e-26	94.7
SRR2938063_394	gi|664579989|ref|WP_031094015.1|	63.64	44	16	0	139	8	533	576	3e-13	62.4
SRR2938063_395	YP_316450	60.87	46	18	0	5	142	147	192	1e-12	59.3
SRR2938063_396	AJ514254.gene.p01	100.00	47	0	0	1	141	77	123	1e-25	97.4
SRR2938063_397	AAS45561	100.00	47	0	0	141	1	105	151	1e-25	97.8
SRR2938063_398	CAL48457	60.87	46	17	1	2	139	57	101	7e-10	50.4
SRR2938063_399	gi|1033064422|ref|WP_064375412.1|	62.79	43	16	0	129	1	18	60	2e-10	53.9
SRR2938063_404	gi|530818241|gb|EQC77429.1|	67.39	46	15	0	3	140	85	130	1e-17	72.0
SRR2938063_405	AAN28721	70.21	47	12	1	142	2	31	75	3e-18	72.4
SRR2938063_406	gi|852273548|ref|WP_048328542.1|	87.50	40	5	0	120	1	896	935	5e-15	67.4
SRR2938063_407	AJ514254.gene.p01	95.65	46	2	0	140	3	53	98	8e-24	92.4
SRR2938063_410	gi|545272242|ref|WP_021561466.1|	100.00	46	0	0	1	138	170	215	3e-26	96.3
SRR2938063_413	AB114632.1.gene2.p01	100.00	46	0	0	140	3	200	245	2e-26	97.1
SRR2938063_414	gi|83701794|gb|ABC41336.1|	60.53	38	15	0	132	19	359	396	6e-10	52.4
SRR2938063_415	gi|1006148426|ref|WP_061732450.1|	63.04	46	17	0	139	2	434	479	3e-12	59.3
SRR2938063_416	ZP_04466634	62.79	43	16	0	134	6	153	195	2e-11	57.0
SRR2938063_417	CAY51926	60.87	46	17	1	137	3	895	940	2e-12	60.1
SRR2938063_418	B7LM76	57.78	45	19	0	6	140	92	136	2e-14	65.5
SRR2938063_419	gi|664395661|ref|WP_030922045.1|	65.91	44	15	0	2	133	516	559	9e-12	57.8
SRR2938063_421	AJ514254.gene.p01	70.21	47	14	0	2	142	267	313	1e-16	72.0
SRR2938063_422	YP_009182146.1	100.00	46	0	0	3	140	21	66	2e-24	88.2
SRR2938063_425	gi|823291602|ref|WP_047047573.1|	62.22	45	17	0	6	140	129	173	2e-13	62.8
SRR2938063_426	AAV80410	82.98	47	8	0	1	141	317	363	1e-19	80.9
SRR2938063_427	NP_940746	100.00	47	0	0	142	2	167	213	1e-26	97.8
SRR2938063_429	gi|802115701|ref|WP_046033939.1|	97.87	47	1	0	2	142	129	175	2e-27	99.8
SRR2938063_432	AF121000.gene.p01	65.85	41	13	1	141	22	146	186	2e-09	50.8
SRR2938063_433	gi|488247627|ref|WP_002318835.1|	68.09	47	15	0	1	141	155	201	9e-16	69.3
SRR2938063_436	FN594949.1.gene24.p01	100.00	42	0	0	16	141	1	42	4e-21	84.7
SRR2938063_437	CAL48457	61.70	47	18	0	141	1	107	153	5e-12	56.2
SRR2938063_441	ZP_03223548	100.00	47	0	0	1	141	181	227	8e-28	 103
SRR2938063_442	YP_001747848	61.70	47	18	0	2	142	853	899	1e-12	60.8
SRR2938063_444	gi|693106883|ref|WP_032260279.1|	72.73	33	9	0	101	3	144	176	5e-09	50.1
SRR2938063_447	YP_009182146.1	100.00	37	0	0	32	142	1	37	9e-18	70.9
SRR2938063_448	gi|504329842|ref|WP_014516944.1|	64.44	45	16	0	8	142	2	46	2e-14	65.9
SRR2938063_451	gi|944009777|ref|WP_055601444.1|	56.52	46	20	0	141	4	487	532	1e-12	60.8
SRR2938063_454	AAO42740	100.00	47	0	0	1	141	567	613	2e-27	 102
SRR2938063_458	AY162283.2.gene7.p01	100.00	47	0	0	1	141	123	169	4e-26	94.4
SRR2938063_459	gi|488955559|ref|WP_002866634.1|	65.12	43	15	0	12	140	2	44	5e-14	64.7
SRR2938063_460	AAN28721	65.96	47	14	1	141	1	28	72	2e-16	67.4
SRR2938063_462	FJ460181.2.gene2.p01	65.96	47	16	0	2	142	128	174	4e-17	70.9
SRR2938063_463	L42544.gene.p01	100.00	30	0	0	1	90	591	620	1e-13	63.5
SRR2938063_464	AF121000.gene.p01	68.97	29	9	0	1	87	111	139	3e-08	46.6
SRR2938063_466	AAD21213	60.00	45	18	0	140	6	10	54	3e-11	55.8
SRR2938063_469	gi|488216250|ref|WP_002287458.1|	68.29	41	13	0	3	125	158	198	5e-13	61.6
SRR2938063_470	gi|552942232|ref|WP_023043160.1|	63.83	47	17	0	142	2	219	265	5e-11	55.1
SRR2938063_471	DQ464881.1.gene4.p01	100.00	47	0	0	2	142	22	68	5e-26	94.0
SRR2938063_474	gi|695665202|ref|WP_032624546.1|	65.96	47	16	0	1	141	125	171	1e-13	63.5
SRR2938063_477	AY004350.gene.p01	61.70	47	18	0	141	1	134	180	3e-15	67.8
SRR2938063_478	CAE53425	100.00	25	0	0	130	56	265	289	3e-12	58.2
SRR2938063_480	gi|948137056|ref|WP_056795395.1|	61.70	47	18	0	1	141	521	567	5e-14	64.3
SRR2938063_482	ZP_04405450	100.00	29	0	0	140	54	277	305	2e-16	69.7
SRR2938063_484	ABX79411	71.74	46	13	0	140	3	75	120	2e-17	72.0
SRR2938063_485	CAC86407	100.00	46	0	0	3	140	42	87	8e-26	95.1
SRR2938063_486	gi|516364340|ref|WP_017754373.1|	74.47	47	12	0	141	1	196	242	2e-18	76.3
SRR2938063_488	gi|691004724|ref|WP_031970694.1|	100.00	46	0	0	3	140	157	202	1e-24	92.0
SRR2938063_489	YP_001797193	60.42	48	18	1	2	142	12	59	2e-10	53.1
SRR2938063_490	gi|638931161|ref|WP_024439378.1|	100.00	31	0	0	140	48	248	278	3e-14	63.2
SRR2938063_496	gi|948137056|ref|WP_056795395.1|	60.00	45	18	0	6	140	533	577	4e-13	62.0
SRR2938063_497	gi|502019090|ref|WP_012695459.1|	100.00	47	0	0	2	142	14	60	3e-25	94.0
SRR2938063_499	YP_001373621	55.56	45	20	0	2	136	132	176	8e-09	48.9
SRR2938063_500	CP003583.1.gene2512.p01	63.83	47	17	0	141	1	67	113	3e-17	73.6
SRR2938063_501	AF121000.gene.p01	63.83	47	14	1	2	142	341	384	6e-12	58.2
SRR2938063_502	gi|685899575|ref|WP_031640202.1|	100.00	40	0	0	120	1	10	49	4e-21	82.0
SRR2938063_504	AF313472.2.gene15.p01	96.77	31	1	0	94	2	1	31	4e-16	68.2
SRR2938063_506	AAV80410	58.70	46	19	0	138	1	44	89	3e-12	59.7
SRR2938063_507	AAN28721	66.67	45	13	1	2	136	22	64	5e-16	66.2
SRR2938063_508	BAB71968	62.22	45	17	0	141	7	65	109	7e-14	64.3
SRR2938063_509	gi|515967030|ref|WP_017397613.1|	100.00	47	0	0	1	141	231	277	3e-26	96.3
SRR2938063_510	AF155139.2.gene2.p01	63.04	46	17	0	140	3	58	103	2e-15	65.9
SRR2938063_511	gi|545272242|ref|WP_021561466.1|	100.00	46	0	0	140	3	157	202	4e-28	 101
SRR2938063_513	gi|305670809|gb|ADM62671.1|	100.00	47	0	0	142	2	14	60	2e-30	 108
SRR2938063_514	AF121000.gene.p01	78.26	46	10	0	1	138	5	50	1e-14	65.5
SRR2938063_517	gi|943896259|ref|WP_055534530.1|	62.22	45	17	0	6	140	481	525	4e-12	58.9
SRR2938063_520	gi|486458841|gb|EOE03251.1|	80.85	47	9	0	2	142	188	234	2e-20	80.1
SRR2938063_523	P70882	100.00	46	0	0	140	3	563	608	8e-27	 100
SRR2938063_527	CP000675.2.gene1535.p01	62.79	43	12	1	3	119	89	131	1e-10	53.1
SRR2938063_528	P70882	100.00	44	0	0	133	2	533	576	1e-24	94.7
SRR2938063_530	CP001918.1.gene5135.p01	65.79	38	13	0	27	140	51	88	6e-12	56.2
SRR2938063_531	gi|556464170|ref|WP_023315960.1|	100.00	47	0	0	2	142	201	247	3e-25	93.6
SRR2938063_532	CP004022.1.gene1674.p01	60.87	46	18	0	140	3	391	436	5e-13	62.0
SRR2938063_533	Q52360	100.00	46	0	0	140	3	178	223	4e-27	 101
SRR2938063_534	gi|496018010|ref|WP_008742581.1|	65.91	44	15	0	2	133	550	593	9e-15	66.6
SRR2938063_535	CP000675.2.gene2298.p01	61.36	44	17	0	3	134	70	113	5e-13	62.0
SRR2938063_540	YP_316450	60.53	38	15	0	20	133	139	176	4e-10	52.0
SRR2938063_541	gi|537465895|ref|WP_020977391.1|	62.22	45	17	0	3	137	452	496	2e-12	60.1
SRR2938063_542	gi|686197643|ref|WP_031807899.1|	65.22	46	16	0	138	1	360	405	6e-16	69.7
SRR2938063_544	P70882	100.00	46	0	0	140	3	153	198	2e-26	99.8
SRR2938063_547	AF121000.gene.p01	68.89	45	14	0	141	7	228	272	6e-15	66.2
SRR2938063_548	gi|537465895|ref|WP_020977391.1|	63.04	46	17	0	140	3	418	463	6e-14	64.3
SRR2938063_549	Q00937	100.00	46	0	0	3	140	68	113	9e-26	97.8
SRR2938063_550	CP000675.2.gene2298.p01	61.36	44	17	0	7	138	868	911	1e-13	63.5
SRR2938063_551	U82085.gene.p01	68.89	45	14	0	3	137	403	447	2e-15	68.6
SRR2938063_552	AJ310778.1.gene12.p01	100.00	47	0	0	141	1	89	135	8e-29	 100
SRR2938063_553	gi|1033064422|ref|WP_064375412.1|	60.00	40	16	0	141	22	151	190	1e-10	55.1
SRR2938063_554	X04388.gene.p01	100.00	46	0	0	140	3	12	57	6e-24	92.8
SRR2938063_556	gi|951155204|ref|WP_057635531.1|	63.64	44	16	0	134	3	243	286	1e-13	63.9
SRR2938063_557	gi|1031799645|ref|WP_064138838.1|	60.47	43	17	0	6	134	478	520	7e-11	55.5
SRR2938063_559	AAW34142	60.98	41	16	0	125	3	66	106	2e-10	54.3
SRR2938063_561	AAC60781	65.00	40	14	0	3	122	318	357	8e-10	52.0
SRR2938063_562	DQ464881.1.gene4.p01	100.00	47	0	0	141	1	49	95	1e-28	 100
SRR2938063_564	AJ514254.gene.p01	100.00	46	0	0	140	3	285	330	2e-25	96.7
SRR2938063_565	AB114632.1.gene2.p01	97.87	47	1	0	1	141	2	48	4e-25	93.2
SRR2938063_566	AAV80410	95.74	47	2	0	1	141	82	128	7e-23	89.7
SRR2938063_570	P70882	100.00	46	0	0	140	3	153	198	2e-26	99.8
SRR2938063_571	gi|916992013|ref|WP_051598725.1|	63.04	46	17	0	140	3	296	341	7e-14	64.3
SRR2938063_572	P70882	100.00	47	0	0	142	2	122	168	3e-26	99.4
SRR2938063_573	P70882	100.00	47	0	0	142	2	122	168	3e-26	99.4
SRR2938063_574	AJ310778.1.gene12.p01	100.00	24	0	0	69	140	113	136	1e-10	52.0
SRR2938063_575	CP001918.1.gene5135.p01	57.45	47	20	0	142	2	37	83	5e-15	64.7
SRR2938063_576	AAA27431	100.00	47	0	0	142	2	28	74	2e-26	97.1
SRR2938063_581	AF071555.1.gene10.p01	100.00	47	0	0	141	1	24	70	2e-25	91.3
SRR2938063_582	CAC86407	100.00	47	0	0	1	141	47	93	2e-26	96.7
SRR2938063_583	gi|1031799645|ref|WP_064138838.1|	65.96	47	16	0	2	142	482	528	6e-13	61.2
SRR2938063_584	AF071555.1.gene10.p01	100.00	47	0	0	141	1	6	52	6e-27	95.1
SRR2938063_585	gi|446519895|ref|WP_000597241.1|	65.22	46	16	0	5	142	468	513	2e-14	65.9
SRR2938063_586	DQ464881.1.gene4.p01	100.00	46	0	0	3	140	17	62	6e-26	93.6
SRR2938063_590	gi|948137056|ref|WP_056795395.1|	65.96	47	16	0	2	142	543	589	3e-16	70.9
SRR2938063_593	gi|545272242|ref|WP_021561466.1|	100.00	46	0	0	3	140	155	200	3e-28	 101
SRR2938063_594	YP_001694718	100.00	47	0	0	142	2	403	449	1e-26	 100
SRR2938063_596	gi|735686444|ref|WP_034174061.1|	61.76	34	13	0	102	1	142	175	2e-09	50.4
SRR2938063_599	AAW34142	63.89	36	13	0	28	135	66	101	6e-09	49.7
SRR2938063_600	gi|558888514|ref|WP_023543283.1|	59.57	47	19	0	141	1	514	560	2e-13	62.8
SRR2938063_602	gi|542061059|gb|ERI11611.1|	70.21	47	14	0	1	141	143	189	2e-18	74.7
SRR2938063_603	AF121000.gene.p01	75.00	28	7	0	137	54	105	132	6e-09	49.3
SRR2938063_604	AAX54909	60.87	46	18	0	3	140	69	114	7e-18	73.2
SRR2938063_608	gi|654923461|ref|WP_028373991.1|	65.22	46	16	0	4	141	375	420	2e-12	60.5
SRR2938063_609	P70882	100.00	47	0	0	142	2	209	255	1e-25	97.4
SRR2938063_610	AF313472.2.gene15.p01	100.00	47	0	0	142	2	7	53	7e-27	97.8
SRR2938063_611	AJ514254.gene.p01	100.00	47	0	0	2	142	59	105	1e-26	 100
SRR2938063_612	NC_011586.7045208.p01	100.00	24	0	0	3	74	256	279	1e-09	50.8
SRR2938063_615	U19459.gene.p01	84.09	44	7	0	5	136	60	103	8e-22	83.6
SRR2938063_617	gi|817122037|ref|WP_046494699.1|	63.04	46	17	0	4	141	514	559	4e-12	59.3
SRR2938063_620	ZP_01974653	93.48	46	3	0	1	138	32	77	2e-24	91.7
SRR2938063_621	gi|640235983|ref|WP_024832225.1|	77.78	45	10	0	135	1	240	284	4e-13	61.2
SRR2938063_622	NP_348076	67.57	37	12	0	32	142	45	81	2e-10	54.7
SRR2938063_623	gi|505807117|ref|WP_015704872.1|	63.83	47	17	0	141	1	131	177	7e-14	64.3
SRR2938063_625	gi|940169821|gb|KPX83830.1|	65.96	47	16	0	1	141	174	220	5e-15	67.8
SRR2938063_626	AAN28721	71.88	32	9	0	45	140	1	32	7e-11	52.4
SRR2938063_627	ABF69686	64.10	39	14	0	134	18	71	109	2e-11	57.0
SRR2938063_628	gi|1035686596|ref|WP_064530178.1|	69.77	43	13	0	3	131	134	176	6e-15	67.0
SRR2938063_629	CP001918.1.gene5135.p01	63.04	46	17	0	3	140	43	88	2e-15	65.9
SRR2938063_630	JQ861959.1.gene5.p01	76.09	46	11	0	142	5	8	53	8e-20	78.6
SRR2938063_631	gi|505807117|ref|WP_015704872.1|	60.00	40	16	0	23	142	127	166	5e-10	53.1
SRR2938063_633	YP_001477378	64.44	45	16	0	141	7	67	111	2e-15	67.8
SRR2938063_634	gi|1046366091|gb|OCK16447.1|	63.04	46	17	0	140	3	97	142	4e-13	61.6
SRR2938063_635	Q7N8V7	75.68	37	9	0	123	13	134	170	1e-13	61.6
SRR2938063_637	gi|446519894|ref|WP_000597240.1|	74.47	47	12	0	141	1	479	525	6e-17	72.8
SRR2938063_638	Q52360	97.83	46	1	0	140	3	198	243	4e-26	99.0
SRR2938063_639	AB114632.1.gene2.p01	97.87	47	1	0	1	141	29	75	7e-24	89.7
SRR2938063_642	gi|938466766|ref|WP_054627825.1|	63.89	36	13	0	28	135	124	159	2e-08	48.5
SRR2938063_643	AF313472.2.gene15.p01	93.33	30	2	0	2	91	1	30	1e-14	63.2
SRR2938063_645	gi|446519894|ref|WP_000597240.1|	73.91	46	12	0	140	3	482	527	2e-14	65.9
SRR2938063_646	gi|446519894|ref|WP_000597240.1|	70.21	47	14	0	141	1	500	546	5e-15	67.4
SRR2938063_647	gi|920538074|ref|WP_052996048.1|	61.90	42	16	0	4	129	364	405	7e-11	55.5
SRR2938063_649	gi|693106883|ref|WP_032260279.1|	67.39	46	15	0	140	3	131	176	2e-14	65.5
SRR2938063_650	ZP_04557016	100.00	46	0	0	139	2	77	122	2e-26	 100
SRR2938063_651	gi|924503108|ref|WP_053510027.1|	55.56	45	20	0	4	138	132	176	2e-09	51.2
SRR2938063_653	M80346.gene.p01	58.82	34	14	0	41	142	197	230	5e-09	50.1
SRR2938063_654	AY162283.2.gene7.p01	100.00	47	0	0	2	142	112	158	1e-27	98.6
SRR2938063_659	gi|823291602|ref|WP_047047573.1|	56.52	46	20	0	139	2	121	166	8e-10	52.4
SRR2938063_661	AB114632.1.gene2.p01	95.74	47	2	0	141	1	14	60	3e-24	90.9
SRR2938063_662	CAC86407	100.00	47	0	0	141	1	53	99	4e-27	99.0
SRR2938063_668	gi|489024507|ref|WP_002934926.1|	61.70	47	18	0	2	142	957	1003	3e-13	62.8
SRR2938063_670	AAG14406	95.74	47	2	0	141	1	139	185	2e-10	53.5
SRR2938063_672	gi|551485184|gb|AGY30826.1|	81.82	44	8	0	3	134	190	233	4e-08	46.6
SRR2938063_674	gi|1022688710|ref|WP_063443532.1|	59.57	47	19	0	2	142	133	179	5e-12	58.9
SRR2938063_675	M80346.gene.p01	58.82	34	14	0	41	142	197	230	5e-09	50.1
SRR2938063_676	gi|517381192|ref|WP_018555350.1|	60.87	46	18	0	141	4	517	562	2e-11	57.0
SRR2938063_682	AAN28721	72.97	37	10	0	30	140	1	37	2e-13	59.3
SRR2938063_684	AF313472.2.gene15.p01	100.00	47	0	0	1	141	63	109	7e-27	97.8
SRR2938063_686	AB114632.1.gene2.p01	100.00	47	0	0	1	141	186	232	2e-26	97.1
SRR2938063_687	AAA50325	51.11	45	22	0	138	4	180	224	4e-08	47.4
SRR2938063_688	AAN28721	68.57	35	11	0	11	115	41	75	8e-13	57.8
SRR2938063_690	AY162283.2.gene7.p01	100.00	46	0	0	140	3	114	159	3e-26	94.7
SRR2938063_693	gi|1028098568|ref|WP_063855066.1|	100.00	42	0	0	3	128	157	198	2e-22	85.5
SRR2938063_694	CP001485.1.gene721.p01	64.44	45	15	1	6	140	66	109	6e-15	64.7
SRR2938063_696	AJ310778.1.gene12.p01	100.00	47	0	0	142	2	84	130	2e-29	 102
SRR2938063_697	gi|62736928|gb|AAX97756.1|	74.47	47	12	0	2	142	30	76	7e-17	70.9
SRR2938063_699	DQ464881.1.gene4.p01	100.00	47	0	0	2	142	90	136	2e-27	97.4
SRR2938063_700	DQ464881.1.gene4.p01	100.00	47	0	0	2	142	90	136	2e-27	97.4
SRR2938063_702	CP001485.1.gene721.p01	67.65	34	11	0	37	138	89	122	1e-08	47.8
SRR2938063_703	gi|447201629|ref|WP_001278885.1|	64.44	45	16	0	3	137	29	73	4e-10	51.2
SRR2938063_704	gi|851917461|ref|WP_048217311.1|	65.00	40	14	0	6	125	92	131	2e-14	65.9
SRR2938063_705	AB114632.1.gene2.p01	97.22	36	1	0	108	1	1	36	2e-17	71.6
SRR2938063_706	YP_251195	100.00	28	0	0	2	85	364	391	6e-10	52.4
SRR2938063_707	AF071555.1.gene10.p01	100.00	46	0	0	140	3	30	75	8e-25	89.4
SRR2938063_708	YP_009182146.1	100.00	46	0	0	140	3	51	96	1e-24	89.0
SRR2938063_709	gi|516001066|ref|WP_017431649.1|	61.70	47	18	0	1	141	421	467	5e-13	61.6
SRR2938063_711	ZP_04623896	65.96	47	16	0	2	142	279	325	5e-14	63.5
SRR2938063_714	gi|798852310|ref|WP_045893453.1|	100.00	46	0	0	139	2	72	117	2e-25	94.0
SRR2938063_716	gi|545272242|ref|WP_021561466.1|	100.00	47	0	0	1	141	151	197	5e-29	 103
SRR2938063_717	AF121000.gene.p01	68.75	48	14	1	2	142	197	244	5e-17	72.0
SRR2938063_718	HE999704.1.gene1528.p01	60.87	46	18	0	2	139	18	63	5e-12	56.6
SRR2938063_720	ZP_03949893	65.22	46	16	0	3	140	55	100	8e-16	67.8
SRR2938063_722	M14730.gene.p01	95.45	22	1	0	140	75	245	266	1e-09	50.8
SRR2938063_724	ZP_04055725	71.74	46	13	0	140	3	153	198	2e-15	66.2
SRR2938063_728	ZP_03028124	100.00	21	0	0	17	79	1	21	1e-08	47.4
SRR2938063_729	gi|500047079|ref|WP_011727797.1|	72.22	36	10	0	110	3	92	127	7e-12	57.8
SRR2938063_732	P10952	100.00	47	0	0	141	1	130	176	5e-27	 101
SRR2938063_733	gi|1031799645|ref|WP_064138838.1|	63.64	44	16	0	140	9	466	509	2e-12	60.1
SRR2938063_734	Q52360	100.00	42	0	0	1	126	180	221	2e-24	94.0
SRR2938063_736	gi|578248426|gb|EUM08518.1|	59.57	47	19	0	141	1	340	386	2e-10	53.5
SRR2938063_737	AAA50325	63.64	33	12	0	9	107	192	224	5e-08	47.0
SRR2938063_741	P70882	100.00	47	0	0	1	141	157	203	1e-27	 103
SRR2938063_742	gi|1028850587|ref|WP_064019550.1|	66.67	39	13	0	140	24	75	113	3e-12	57.0
SRR2938063_743	AF121000.gene.p01	81.82	44	8	0	6	137	313	356	5e-18	74.7
SRR2938063_745	gi|917203192|ref|WP_051809904.1|	52.00	50	19	2	7	141	537	586	6e-11	55.8
SRR2938063_746	gi|510836536|ref|WP_016208156.1|	76.60	47	11	0	1	141	146	192	9e-23	87.0
SRR2938063_747	AAS89471	78.05	41	9	0	19	141	109	149	1e-17	72.0
SRR2938063_750	AF313472.2.gene15.p01	100.00	26	0	0	80	3	38	63	5e-11	53.5
SRR2938063_751	AY162283.2.gene7.p01	100.00	46	0	0	3	140	130	175	5e-25	91.7
SRR2938063_752	gi|583596984|gb|EWE59955.1|	62.86	35	13	0	37	141	169	203	3e-09	49.7
SRR2938063_753	AB114632.1.gene2.p01	100.00	26	0	0	80	3	150	175	7e-11	53.9
SRR2938063_756	Q00937	100.00	47	0	0	141	1	491	537	3e-28	 104
SRR2938063_758	YP_001969930	100.00	45	0	0	135	1	58	102	1e-23	89.7
SRR2938063_761	CAY51926	61.70	47	18	0	141	1	425	471	1e-12	60.5
SRR2938063_763	AJ420072.gene.p01	100.00	47	0	0	142	2	79	125	7e-22	85.5
SRR2938063_764	gi|917203192|ref|WP_051809904.1|	62.22	45	17	0	3	137	554	598	2e-12	60.1
SRR2938063_765	gi|447201629|ref|WP_001278885.1|	64.44	45	15	1	8	142	51	94	7e-13	58.5
SRR2938063_766	ZP_04405450	96.77	31	1	0	117	25	275	305	4e-18	73.9
SRR2938063_767	AB114632.1.gene2.p01	100.00	42	0	0	127	2	190	231	2e-23	88.6
SRR2938063_768	CP000675.2.gene1535.p01	63.64	44	15	1	133	5	77	120	2e-11	55.1
SRR2938063_771	gi|447201625|ref|WP_001278881.1|	68.89	45	14	0	3	137	91	135	7e-19	75.5
SRR2938063_773	CP001918.1.gene5135.p01	63.83	47	17	0	142	2	32	78	3e-16	68.2
SRR2938063_774	DQ464881.1.gene4.p01	100.00	46	0	0	1	138	118	163	1e-26	95.5
SRR2938063_775	gi|585368369|ref|WP_024249947.1|	100.00	47	0	0	1	141	129	175	6e-28	 100
SRR2938063_776	DQ464881.1.gene4.p01	100.00	46	0	0	140	3	60	105	3e-28	99.4
SRR2938063_780	gi|896351617|ref|WP_049308415.1|	63.83	47	16	1	2	142	347	392	2e-14	65.5
SRR2938063_781	YP_001101924	100.00	46	0	0	140	3	125	170	8e-27	97.8
SRR2938063_782	gi|486458841|gb|EOE03251.1|	85.11	47	7	0	1	141	160	206	2e-23	88.2
SRR2938063_783	gi|1035706844|ref|WP_064548272.1|	70.45	44	13	0	1	132	133	176	1e-15	68.9
SRR2938063_787	gi|896351617|ref|WP_049308415.1|	78.26	46	10	0	140	3	450	495	3e-19	79.3
SRR2938063_788	gi|924626178|ref|WP_053530123.1|	56.52	46	20	0	5	142	131	176	2e-11	57.0
SRR2938063_789	gi|943909899|ref|WP_055545300.1|	64.44	45	16	0	1	135	490	534	5e-13	61.6
SRR2938063_790	ZP_03624201	93.48	46	3	0	138	1	223	268	3e-22	88.2
SRR2938063_791	gi|537465895|ref|WP_020977391.1|	60.00	45	18	0	135	1	451	495	1e-11	57.8
SRR2938063_792	gi|447195836|ref|WP_001273092.1|	62.22	45	17	0	142	8	134	178	2e-13	61.2
SRR2938063_793	gi|556476567|ref|WP_023328168.1|	60.47	43	17	0	141	13	140	182	1e-12	60.5
SRR2938063_794	YP_002894485	100.00	46	0	0	3	140	21	66	4e-30	 107
SRR2938063_795	ABW24731	100.00	46	0	0	3	140	330	375	6e-24	92.8
SRR2938063_801	DQ464881.1.gene4.p01	100.00	47	0	0	142	2	22	68	5e-26	94.0
SRR2938063_802	X04388.gene.p01	63.83	47	17	0	2	142	56	102	1e-14	66.6
SRR2938063_803	CP004022.1.gene1674.p01	60.87	46	18	0	140	3	378	423	4e-12	59.3
SRR2938063_804	AJ420072.gene.p01	100.00	45	0	0	3	137	166	210	4e-14	63.9
SRR2938063_805	gi|510143239|gb|AGN36970.1|	60.00	45	18	0	142	8	30	74	6e-10	52.0
SRR2938063_807	gi|695797094|ref|WP_032711285.1|	65.22	46	16	0	1	138	133	178	9e-14	63.9
SRR2938063_808	AJ514254.gene.p01	100.00	36	0	0	1	108	602	637	4e-18	76.3
SRR2938063_809	gi|829942568|ref|WP_047368199.1|	60.87	46	18	0	138	1	17	62	7e-12	58.2
SRR2938063_810	AY485126.gene.p01	100.00	46	0	0	3	140	497	542	4e-26	98.6
SRR2938063_811	gi|515320230|ref|WP_016851701.1|	67.74	31	10	0	4	96	309	339	1e-08	49.3
SRR2938063_812	gi|489009547|ref|WP_002920107.1|	74.47	47	12	0	1	141	896	942	8e-16	70.1
SRR2938063_814	X02340.1.orf0.gene.p01	100.00	44	0	0	134	3	74	117	8e-24	89.7
SRR2938063_816	AAX54909	61.70	47	18	0	1	141	82	128	5e-19	76.3
SRR2938063_818	gi|505289664|ref|WP_015476766.1|	61.54	39	15	0	119	3	427	465	5e-10	53.1
SRR2938063_819	FR772051.1.gene9.p01	60.00	40	16	0	130	11	379	418	6e-10	52.8
SRR2938063_824	ABS72055	62.22	45	17	0	137	3	321	365	1e-12	60.1
SRR2938063_825	AAN28721	66.67	45	13	1	140	6	17	59	5e-16	66.2
SRR2938063_826	CP001485.1.gene721.p01	63.64	44	15	1	134	3	64	106	3e-14	62.8
SRR2938063_827	AB114632.1.gene2.p01	97.87	47	1	0	141	1	77	123	1e-27	99.8
SRR2938063_828	gi|994929255|emb|CZA27509.1|	97.83	46	1	0	140	3	43	88	5e-26	95.1
SRR2938063_832	gi|640499891|ref|WP_024937220.1|	61.90	42	16	0	1	126	535	576	1e-10	55.1
SRR2938063_833	gi|516001066|ref|WP_017431649.1|	61.90	42	16	0	15	140	434	475	1e-11	57.8
SRR2938063_834	gi|446048048|ref|WP_000125903.1|	78.72	47	10	0	2	142	150	196	9e-19	78.2
SRR2938063_837	BAD46890	100.00	47	0	0	1	141	244	290	5e-26	98.6
SRR2938063_838	gi|494615341|ref|WP_007373585.1|	60.87	46	18	0	140	3	34	79	6e-14	64.7
SRR2938063_839	BAC79067	100.00	36	0	0	2	109	243	278	9e-19	75.5
SRR2938063_840	gi|974641719|ref|WP_059227752.1|	66.67	45	15	0	135	1	115	159	2e-12	60.1
SRR2938063_841	CP003583.1.gene2512.p01	65.71	35	12	0	38	142	433	467	1e-10	55.1
SRR2938063_843	AAN28721	61.76	34	13	0	140	39	42	75	5e-10	50.1
SRR2938063_845	gi|446110336|ref|WP_000188191.1|	58.70	46	19	0	3	140	125	170	2e-11	57.0
SRR2938063_846	ABC18245	100.00	47	0	0	141	1	355	401	1e-12	60.8
SRR2938063_847	AF121000.gene.p01	72.97	37	10	0	113	3	197	233	3e-14	64.3
SRR2938063_848	gi|581672381|gb|EVQ77821.1|	61.90	42	16	0	134	9	314	355	4e-09	50.1
SRR2938063_851	FR772051.1.gene9.p01	64.44	45	16	0	139	5	383	427	2e-12	59.7
SRR2938063_852	AJ514254.gene.p01	100.00	44	0	0	140	9	594	637	2e-23	91.3
SRR2938063_855	gi|545272242|ref|WP_021561466.1|	100.00	46	0	0	3	140	190	235	5e-26	95.5
SRR2938063_857	gi|498115003|ref|WP_010429159.1|	60.00	45	18	0	1	135	31	75	2e-12	59.7
SRR2938063_858	ZP_04405450	96.77	31	1	0	126	34	275	305	7e-18	73.6
SRR2938063_859	gi|1035686596|ref|WP_064530178.1|	63.16	38	14	0	119	6	124	161	3e-11	56.2
SRR2938063_861	gi|751908677|ref|WP_041124075.1|	100.00	46	0	0	3	140	128	173	1e-26	97.8
SRR2938063_862	gi|1024294541|ref|WP_063492322.1|	57.78	45	19	0	3	137	184	228	5e-13	62.0
SRR2938063_863	gi|545272242|ref|WP_021561466.1|	100.00	47	0	0	142	2	214	260	1e-26	97.4
SRR2938063_867	gi|736472622|ref|WP_034494292.1|	48.94	47	23	1	141	1	157	202	9e-09	49.3
SRR2938063_869	AF313472.2.gene15.p01	100.00	44	0	0	134	3	44	87	8e-25	92.4
SRR2938063_871	YP_001290033	69.57	46	14	0	3	140	156	201	4e-15	68.2
SRR2938063_872	gi|686138432|ref|WP_031775762.1|	57.78	45	19	0	137	3	438	482	6e-12	58.5
SRR2938063_874	ZP_04623896	65.96	47	16	0	2	142	269	315	7e-13	60.5
SRR2938063_877	CAC35724	81.82	33	6	0	37	135	54	86	2e-12	59.7
SRR2938063_878	AAN28721	66.67	30	10	0	1	90	46	75	2e-09	48.1
SRR2938063_879	P70882	100.00	47	0	0	1	141	449	495	3e-29	 107
SRR2938063_880	gi|664042835|ref|WP_030582300.1|	60.98	41	16	0	142	20	551	591	1e-10	55.1
SRR2938063_881	AB114632.1.gene2.p01	97.87	47	1	0	1	141	52	98	7e-24	89.7
SRR2938063_882	gi|446026113|ref|WP_000103968.1|	64.10	39	14	0	128	12	127	165	7e-13	60.1
SRR2938063_884	DQ464881.1.gene4.p01	100.00	45	0	0	2	136	34	78	8e-26	93.2
SRR2938063_885	ZP_03941859	46.67	45	24	0	135	1	11	55	6e-08	46.2
SRR2938063_889	AAN28721	63.83	47	15	1	141	1	26	70	1e-15	65.1
SRR2938063_890	gi|489823302|ref|WP_003727089.1|	54.76	42	19	0	133	8	377	418	2e-08	48.5
SRR2938063_892	gi|664304639|ref|WP_030834011.1|	59.52	42	17	0	3	128	400	441	2e-10	54.3
SRR2938063_894	Q00937	100.00	47	0	0	142	2	368	414	2e-25	96.7
SRR2938063_897	gi|702897513|ref|WP_033300957.1|	60.00	45	18	0	137	3	505	549	4e-12	59.3
SRR2938063_898	gi|914349733|ref|WP_050583593.1|	100.00	47	0	0	1	141	67	113	2e-26	97.1
SRR2938063_899	gi|1028850587|ref|WP_064019550.1|	65.71	35	12	0	37	141	75	109	4e-10	51.6
SRR2938063_902	BAD46890	100.00	47	0	0	142	2	318	364	6e-28	 103
SRR2938063_904	DQ464881.1.gene4.p01	95.74	47	2	0	1	141	46	92	4e-27	96.7
SRR2938063_905	gi|693106883|ref|WP_032260279.1|	60.00	45	18	0	4	138	132	176	8e-10	52.4
SRR2938063_906	CP001485.1.gene721.p01	66.67	30	10	0	92	3	69	98	3e-08	46.6
SRR2938063_908	gi|504873101|ref|WP_015060203.1|	100.00	47	0	0	1	141	7	53	9e-26	95.1
SRR2938063_909	gi|860594225|ref|WP_048475168.1|	60.87	46	18	0	3	140	536	581	1e-12	60.5
SRR2938063_912	ZP_04405450	96.77	31	1	0	42	134	275	305	4e-18	73.9
SRR2938063_913	gi|502788876|ref|WP_013023852.1|	100.00	37	0	0	3	113	245	281	2e-19	77.8
SRR2938063_914	AB114632.1.gene2.p01	100.00	47	0	0	1	141	89	135	4e-28	 101
SRR2938063_916	JF802084.2.gene4.p01	65.12	43	15	0	1	129	83	125	1e-14	63.5
SRR2938063_917	gi|693098407|ref|WP_032254374.1|	100.00	46	0	0	138	1	92	137	3e-26	96.3
SRR2938063_918	AF071555.1.gene10.p01	100.00	47	0	0	141	1	55	101	3e-28	98.2
SRR2938063_920	AF155139.2.gene4.p01	67.57	37	12	0	123	13	182	218	6e-16	68.2
SRR2938063_921	AJ514254.gene.p01	100.00	47	0	0	142	2	451	497	3e-28	 104
SRR2938063_922	AF071555.1.gene10.p01	100.00	46	0	0	3	140	62	107	6e-28	97.4
SRR2938063_923	EU408349.1.gene24.p01	72.73	33	9	0	100	2	214	246	5e-11	55.8
SRR2938063_925	DQ464881.1.gene4.p01	100.00	46	0	0	140	3	99	144	9e-26	93.2
SRR2938063_926	gi|930426663|ref|WP_054189647.1|	66.67	45	15	0	6	140	523	567	1e-14	66.2
SRR2938063_929	gi|857778812|emb|CRL60247.1|	80.43	46	9	0	138	1	430	475	4e-17	73.9
SRR2938063_931	gi|760320840|ref|WP_043856858.1|	69.23	39	12	0	25	141	137	175	3e-15	66.2
SRR2938063_932	CP000647.1.gene4257.p01	65.96	47	16	0	2	142	64	110	2e-16	68.9
SRR2938063_933	ZP_04405450	100.00	21	0	0	64	2	283	303	5e-10	52.4
SRR2938063_937	gi|504416866|ref|WP_014603968.1|	68.09	47	15	0	142	2	28	74	8e-17	69.7
SRR2938063_939	AAZ79478	100.00	47	0	0	1	141	296	342	2e-24	94.4
SRR2938063_940	FJ349556.1.gene2.p01	60.98	41	16	0	19	141	74	114	1e-11	55.8
SRR2938063_942	gi|1002798395|gb|AMN85478.1|	60.87	46	18	0	1	138	77	122	2e-16	70.5
SRR2938063_943	CP001918.1.gene5135.p01	67.39	46	15	0	2	139	45	90	1e-17	72.0
SRR2938063_944	gi|749197708|ref|WP_040110386.1|	100.00	45	0	0	135	1	6	50	5e-27	98.6
SRR2938063_945	gi|640499891|ref|WP_024937220.1|	60.98	41	16	0	2	124	536	576	3e-11	56.2
SRR2938063_948	AB114632.1.gene2.p01	95.74	47	2	0	142	2	10	56	1e-23	89.4
SRR2938063_950	gi|920543935|ref|WP_052997557.1|	61.70	47	18	0	1	141	466	512	1e-09	52.0
SRR2938063_951	YP_009182146.1	100.00	47	0	0	1	141	18	64	5e-25	90.1
SRR2938063_954	gi|658597161|ref|WP_029754048.1|	84.78	46	7	0	2	139	464	509	3e-21	85.1
SRR2938063_955	DQ464881.1.gene4.p01	100.00	47	0	0	141	1	86	132	7e-28	98.6
SRR2938063_956	gi|746253210|ref|WP_039301529.1|	60.00	45	18	0	6	140	129	173	1e-12	60.5
SRR2938063_958	HE999704.1.gene2674.p01	66.67	42	14	0	17	142	2	43	2e-15	67.8
SRR2938063_960	gi|447201652|ref|WP_001278908.1|	64.44	45	16	0	135	1	77	121	2e-16	68.6
SRR2938063_961	gi|823299155|ref|WP_047054544.1|	62.22	45	17	0	137	3	140	184	3e-13	62.4
SRR2938063_962	gi|736472622|ref|WP_034494292.1|	70.00	40	12	0	122	3	135	174	1e-12	60.8
SRR2938063_964	AF071555.1.gene10.p01	100.00	47	0	0	142	2	24	70	2e-25	91.3
SRR2938063_965	gi|695257004|ref|WP_032488331.1|	100.00	46	0	0	3	140	162	207	3e-26	96.3
SRR2938063_966	gi|545272242|ref|WP_021561466.1|	100.00	46	0	0	3	140	70	115	6e-25	92.4
SRR2938063_967	gi|545272242|ref|WP_021561466.1|	100.00	47	0	0	142	2	170	216	6e-27	98.2
SRR2938063_970	gi|446026113|ref|WP_000103968.1|	64.10	39	14	0	132	16	127	165	9e-13	59.7
SRR2938063_973	gi|664085850|ref|WP_030624018.1|	63.89	36	13	0	13	120	386	421	7e-08	46.6
SRR2938063_974	AF313472.2.gene15.p01	100.00	47	0	0	1	141	40	86	8e-27	97.8
SRR2938063_977	gi|493394434|ref|WP_006350564.1|	67.39	46	15	0	139	2	380	425	1e-14	66.2
SRR2938063_980	NC_002951.3238224.p01	65.00	40	14	0	120	1	74	113	1e-12	58.2
SRR2938063_982	AAN28721	67.74	31	10	0	141	49	45	75	5e-10	50.1
SRR2938063_983	AAB51122	83.33	24	4	0	4	75	634	657	3e-11	44.3
SRR2938063_983	AAB51122	89.47	19	2	0	57	113	652	670	3e-11	37.7
SRR2938063_985	AY463797.7.gene13.p01	69.05	42	13	0	141	16	113	154	1e-13	60.8
SRR2938063_988	gi|505807117|ref|WP_015704872.1|	57.45	47	20	0	141	1	137	183	4e-12	58.9
SRR2938063_989	gi|639225329|ref|WP_024561799.1|	60.87	46	18	0	138	1	541	586	2e-13	62.8
SRR2938063_990	YP_009182146.1	100.00	47	0	0	2	142	62	108	4e-26	92.8
SRR2938063_991	gi|491533320|ref|WP_005390943.1|	54.35	46	21	0	139	2	393	438	1e-08	48.9
SRR2938063_992	gi|157139469|gb|ABV24340.1|	68.29	41	13	0	2	124	63	103	3e-15	65.5
SRR2938063_993	gi|742880942|ref|WP_039009457.1|	61.70	47	18	0	2	142	839	885	6e-15	67.8
SRR2938063_994	gi|974688082|ref|WP_059271287.1|	55.56	45	20	0	7	141	132	176	5e-10	53.1
SRR2938063_995	gi|702897513|ref|WP_033300957.1|	65.22	46	16	0	2	139	515	560	4e-14	64.7
SRR2938063_996	CAD89787	93.62	47	3	0	2	142	40	86	5e-27	98.2
SRR2938063_998	gi|657322971|ref|WP_029396025.1|	61.70	47	18	0	1	141	364	410	6e-12	58.9
SRR2938063_999	AAD21213	60.00	45	18	0	140	6	10	54	3e-11	55.8
SRR2938063_1000	gi|983302677|ref|WP_060488987.1|	60.00	40	15	1	128	9	96	134	3e-09	48.9
SRR2938063_1001	gi|895865878|ref|WP_048974758.1|	61.36	44	17	0	138	7	164	207	7e-11	55.5
SRR2938063_1005	AF121000.gene.p01	60.98	41	13	1	141	19	347	384	4e-08	47.4
SRR2938063_1010	gi|506220920|ref|WP_015740695.1|	68.75	32	10	0	128	33	145	176	2e-08	48.5
SRR2938063_1011	gi|516364340|ref|WP_017754373.1|	73.91	46	12	0	139	2	195	240	1e-17	73.9
SRR2938063_1012	AF121000.gene.p01	72.73	44	12	0	1	132	333	376	1e-15	68.2
SRR2938063_1013	gi|951157033|ref|WP_057637070.1|	76.60	47	11	0	142	2	906	952	8e-18	75.9
SRR2938063_1014	gi|780033092|ref|WP_045444768.1|	61.11	36	14	0	32	139	24	59	1e-09	52.0
SRR2938063_1015	AAN28721	73.17	41	11	0	5	127	1	41	5e-16	66.2
SRR2938063_1016	gi|915598935|ref|WP_050858167.1|	70.21	47	14	0	2	142	911	957	1e-14	67.0
SRR2938063_1017	AAW34142	61.54	39	15	0	24	140	66	104	1e-09	52.0
SRR2938063_1018	ABX00596	63.83	47	17	0	1	141	387	433	2e-13	62.8
SRR2938063_1019	YP_001373621	52.17	46	22	0	140	3	129	174	3e-09	50.1
SRR2938063_1021	YP_401803	60.87	46	18	0	138	1	183	228	3e-13	60.8
SRR2938063_1023	AAW34142	60.98	41	16	0	125	3	66	106	2e-10	54.3
SRR2938063_1024	gi|602542163|emb|CDO24964.1|	60.00	45	18	0	140	6	224	268	2e-12	59.3
SRR2938063_1025	gi|2708772|gb|AAB96371.1|	100.00	47	0	0	141	1	277	323	4e-23	88.6
SRR2938063_1026	AAV80410	84.78	46	7	0	3	140	460	505	5e-21	84.7
SRR2938063_1027	gi|502019090|ref|WP_012695459.1|	100.00	47	0	0	1	141	10	56	6e-27	98.6
SRR2938063_1029	YP_009182146.1	100.00	47	0	0	142	2	40	86	6e-26	92.4
SRR2938063_1032	CP000675.2.gene1535.p01	51.06	47	23	0	2	142	82	128	3e-12	57.4
SRR2938063_1035	gi|545272242|ref|WP_021561466.1|	100.00	47	0	0	1	141	158	204	4e-28	 101
SRR2938063_1036	gi|730634482|ref|WP_034058952.1|	70.21	47	14	0	141	1	889	935	9e-16	70.1
SRR2938063_1038	AAD04032	63.83	47	17	0	1	141	22	68	3e-10	53.5
SRR2938063_1039	gi|447203848|ref|WP_001281104.1|	55.32	47	21	0	1	141	68	114	3e-13	60.1
SRR2938063_1040	AAC60781	60.87	46	18	0	140	3	291	336	2e-11	57.0
SRR2938063_1041	AJ809407.1.gene1.p01	100.00	26	0	0	141	64	234	259	2e-11	55.8
SRR2938063_1042	gi|938782788|ref|WP_054658106.1|	61.90	42	16	0	2	127	234	275	6e-10	53.1
SRR2938063_1043	gi|748767925|ref|WP_040019608.1|	62.79	43	16	0	135	7	555	597	4e-12	59.3
SRR2938063_1044	gi|507079862|ref|WP_016150620.1|	54.35	46	21	0	140	3	28	73	1e-09	52.0
SRR2938063_1045	gi|639216333|ref|WP_024554080.1|	67.39	46	15	0	3	140	12	57	4e-12	59.3
SRR2938063_1047	AJ420072.gene.p01	96.15	26	1	0	64	141	1	26	3e-08	47.4
SRR2938063_1048	FJ872411.1.gene41.p01	57.50	40	16	1	18	137	86	124	2e-11	56.2
SRR2938063_1049	gi|763097172|ref|WP_043977684.1|	66.67	39	13	0	122	6	254	292	5e-11	55.8
SRR2938063_1051	DQ464881.1.gene4.p01	100.00	46	0	0	3	140	82	127	5e-28	99.0
SRR2938063_1053	AF313472.2.gene15.p01	100.00	47	0	0	1	141	10	56	1e-26	97.1
SRR2938063_1054	gi|655413091|ref|WP_028811890.1|	55.56	45	20	0	1	135	552	596	3e-10	53.9
SRR2938063_1055	gi|545272242|ref|WP_021561466.1|	100.00	47	0	0	1	141	153	199	1e-28	 102
SRR2938063_1056	DQ464881.1.gene4.p01	100.00	47	0	0	1	141	32	78	6e-27	96.3
SRR2938063_1058	gi|62736928|gb|AAX97756.1|	89.36	47	5	0	1	141	11	57	6e-24	90.5
SRR2938063_1059	gi|1031799645|ref|WP_064138838.1|	74.47	47	12	0	2	142	475	521	7e-17	72.8
SRR2938063_1062	YP_002929946	78.26	46	10	0	139	2	159	204	1e-18	75.5
SRR2938063_1064	gi|489421661|ref|WP_003327389.1|	65.00	40	14	0	123	4	42	81	2e-11	53.9
SRR2938063_1065	gi|691004724|ref|WP_031970694.1|	100.00	47	0	0	2	142	189	235	4e-24	90.5
SRR2938063_1066	gi|860594225|ref|WP_048475168.1|	67.44	43	14	0	135	7	556	598	6e-14	64.3
SRR2938063_1067	ABQ96629	100.00	47	0	0	1	141	147	193	6e-26	95.9
SRR2938063_1069	Q52360	100.00	47	0	0	1	141	96	142	1e-24	94.4
SRR2938063_1070	gi|664100597|ref|WP_030638327.1|	60.00	45	18	0	135	1	529	573	4e-12	58.9
SRR2938063_1071	NC_010558.1.6275994.p01	86.11	36	5	0	2	109	89	124	2e-16	68.9
SRR2938063_1075	M80346.gene.p01	61.36	44	17	0	1	132	189	232	3e-12	58.9
SRR2938063_1075	M80346.gene.p01	60.00	40	16	0	1	120	490	529	6e-09	49.7
SRR2938063_1076	L42544.gene.p01	93.48	46	3	0	1	138	386	431	8e-23	89.7
SRR2938063_1077	AY082011.1.gene2.p1	89.36	47	5	0	1	141	2	48	1e-24	89.4
SRR2938063_1080	AJ514254.gene.p01	100.00	46	0	0	140	3	33	78	1e-25	97.4
SRR2938063_1081	AJ420072.gene.p01	100.00	47	0	0	1	141	288	334	2e-10	53.9
SRR2938063_1082	gi|948137056|ref|WP_056795395.1|	67.44	43	14	0	5	133	377	419	8e-12	58.2
SRR2938063_1084	gi|503028807|ref|WP_013263783.1|	100.00	47	0	0	2	142	159	205	1e-29	 105
SRR2938063_1085	gi|924626178|ref|WP_053530123.1|	71.11	45	13	0	2	136	132	176	6e-15	67.0
SRR2938063_1087	gi|740616525|ref|WP_038402039.1|	70.21	47	14	0	2	142	875	921	5e-16	70.5
SRR2938063_1088	M14730.gene.p01	100.00	44	0	0	10	141	1	44	8e-25	92.4
SRR2938063_1090	YP_002800512	63.04	46	17	0	139	2	949	994	3e-12	60.1
SRR2938063_1093	gi|829615579|ref|WP_047339381.1|	60.98	41	16	0	13	135	353	393	3e-10	53.9
SRR2938063_1094	DQ464881.1.gene4.p01	97.87	47	1	0	142	2	17	63	2e-16	68.2
SRR2938063_1096	gi|446519891|ref|WP_000597237.1|	78.72	47	10	0	2	142	450	496	5e-21	84.3
SRR2938063_1097	ZP_04055725	75.00	32	8	0	3	98	38	69	5e-10	52.0
SRR2938063_1099	CAJ77026	100.00	47	0	0	1	141	214	260	7e-27	98.2
SRR2938063_1100	gi|896351617|ref|WP_049308415.1|	55.32	47	19	1	2	136	347	393	1e-12	60.5
SRR2938063_1101	M80346.gene.p01	65.91	44	15	0	135	4	187	230	3e-17	73.6
SRR2938063_1101	M80346.gene.p01	58.54	41	16	1	135	16	487	527	7e-10	52.4
SRR2938063_1104	gi|446519886|ref|WP_000597232.1|	61.36	44	17	0	137	6	385	428	5e-11	55.8
SRR2938063_1105	gi|319894056|gb|ADV76307.1|	63.04	46	17	0	1	138	54	99	6e-15	67.0
SRR2938063_1107	DQ464881.1.gene4.p01	100.00	38	0	0	1	114	13	50	5e-21	80.5
SRR2938063_1108	AE016830.1.gene424.p01	64.29	42	15	0	132	7	400	441	2e-12	59.7
SRR2938063_1109	AJ420072.gene.p01	100.00	46	0	0	140	3	176	221	2e-24	92.4
SRR2938063_1110	AAW34142	62.86	35	13	0	1	105	75	109	1e-08	48.9
SRR2938063_1111	gi|446519894|ref|WP_000597240.1|	72.34	47	13	0	1	141	491	537	2e-17	74.3
SRR2938063_1113	M80346.gene.p01	60.61	33	13	0	100	2	197	229	4e-10	53.1
SRR2938063_1114	gi|742378414|ref|WP_038857601.1|	60.87	46	18	0	3	140	537	582	6e-14	64.3
SRR2938063_1117	gi|988890332|ref|WP_060961754.1|	68.57	35	11	0	36	140	1	35	1e-09	52.0
SRR2938063_1118	NP_940746	100.00	46	0	0	3	140	21	66	1e-14	64.3
SRR2938063_1119	CP001918.1.gene5135.p01	73.91	46	12	0	139	2	51	96	4e-18	73.6
SRR2938063_1120	AAW34142	64.71	34	12	0	37	138	66	99	2e-08	48.1
SRR2938063_1121	AB114632.1.gene2.p01	97.87	47	1	0	142	2	37	83	4e-24	90.5
SRR2938063_1122	ZP_04055725	66.67	45	15	0	141	7	169	213	4e-13	60.5
SRR2938063_1123	gi|1028100281|ref|WP_063856416.1|	100.00	47	0	0	2	142	422	468	1e-26	 100
SRR2938063_1124	ZP_03949893	76.09	46	11	0	2	139	33	78	2e-18	75.1
SRR2938063_1125	gi|930426663|ref|WP_054189647.1|	69.77	43	13	0	137	9	527	569	7e-15	66.6
SRR2938063_1126	NC_010410.6003348.p01	85.71	28	4	0	2	85	36	63	2e-10	51.2
SRR2938063_1127	gi|746243059|ref|WP_039291473.1|	66.67	45	15	0	137	3	141	185	3e-14	65.1
SRR2938063_1128	HE999704.1.gene1528.p01	67.39	46	15	0	1	138	62	107	2e-16	68.9
SRR2938063_1133	P70882	100.00	46	0	0	140	3	467	512	7e-29	 106
SRR2938063_1134	AB114632.1.gene2.p01	97.83	46	1	0	140	3	43	88	2e-23	88.2
SRR2938063_1135	gi|545272242|ref|WP_021561466.1|	100.00	47	0	0	141	1	176	222	7e-27	97.8
SRR2938063_1136	gi|500194536|ref|WP_011867743.1|	60.00	45	18	0	4	138	23	67	4e-12	57.8
SRR2938063_1137	ABB80128	60.00	40	16	0	138	19	131	170	2e-11	56.2
SRR2938063_1140	gi|916304109|ref|WP_051039155.1|	80.85	47	9	0	1	141	75	121	6e-21	82.8
SRR2938063_1141	gi|446026113|ref|WP_000103968.1|	64.10	39	14	0	132	16	127	165	9e-13	59.7
SRR2938063_1142	CP001485.1.gene721.p01	66.67	45	15	0	3	137	66	110	2e-16	68.6
SRR2938063_1144	gi|502019090|ref|WP_012695459.1|	97.73	44	1	0	132	1	2	45	3e-25	94.0
SRR2938063_1145	YP_001186705	67.39	46	15	0	140	3	435	480	1e-12	60.8
SRR2938063_1147	gi|517787730|ref|WP_018957938.1|	63.04	46	17	0	141	4	532	577	9e-14	63.9
SRR2938063_1149	YP_001187672	61.70	47	18	0	2	142	455	501	6e-13	62.0
SRR2938063_1150	gi|1011969930|ref|WP_062776015.1|	60.00	40	16	0	3	122	493	532	4e-08	47.4
SRR2938063_1152	gi|507044560|ref|WP_016115614.1|	61.70	47	18	0	2	142	117	163	6e-12	57.8
SRR2938063_1153	AF313472.2.gene15.p01	97.56	41	1	0	19	141	1	41	2e-23	88.2
SRR2938063_1154	AJ514254.gene.p01	100.00	47	0	0	2	142	473	519	5e-29	 107
SRR2938063_1155	L42544.gene.p01	95.74	47	2	0	2	142	213	259	1e-25	97.8
SRR2938063_1156	AAV80410	65.85	41	14	0	19	141	44	84	5e-12	58.9
SRR2938063_1157	gi|447201635|ref|WP_001278891.1|	63.83	47	16	1	2	142	60	105	9e-15	63.9
SRR2938063_1158	DQ464881.1.gene4.p01	100.00	47	0	0	1	141	75	121	6e-29	 101
SRR2938063_1159	AF313472.2.gene15.p01	100.00	41	0	0	1	123	47	87	9e-23	86.7
SRR2938063_1161	YP_001266290	68.89	45	13	1	137	6	897	941	6e-13	61.6
SRR2938063_1164	AJ420072.gene.p01	100.00	46	0	0	140	3	172	217	2e-24	92.0
SRR2938063_1165	gi|1028098576|ref|WP_063855074.1|	100.00	47	0	0	142	2	198	244	6e-25	92.8
SRR2938063_1166	AAC60781	65.00	40	14	0	3	122	318	357	8e-10	52.0
SRR2938063_1167	gi|657343292|ref|WP_029402253.1|	75.00	44	11	0	140	9	26	69	4e-18	73.6
SRR2938063_1168	gi|695865802|ref|WP_032778631.1|	71.05	38	11	0	1	114	555	592	1e-11	57.8
SRR2938063_1169	AF071555.1.gene10.p01	96.97	33	1	0	3	101	34	66	1e-15	65.5
SRR2938063_1171	Q00937	100.00	46	0	0	140	3	494	539	7e-26	98.2
SRR2938063_1172	gi|447201649|ref|WP_001278905.1|	60.47	43	17	0	133	5	154	196	1e-14	63.5
SRR2938063_1173	M80346.gene.p01	60.00	30	12	0	93	4	197	226	4e-09	50.4
SRR2938063_1174	gi|938466753|ref|WP_054627812.1|	61.76	34	13	0	102	1	11	44	1e-09	49.3
SRR2938063_1176	AF071555.1.gene10.p01	100.00	41	0	0	2	124	3	43	2e-22	82.8
SRR2938063_1177	AAV80410	84.78	46	7	0	3	140	309	354	7e-20	81.3
SRR2938063_1178	AF121000.gene.p01	72.97	37	10	0	113	3	197	233	3e-14	64.3
SRR2938063_1179	YP_001477378	63.04	46	17	0	139	2	274	319	5e-12	58.2
SRR2938063_1181	gi|730611858|ref|WP_034052523.1|	61.36	44	17	0	10	141	144	187	4e-11	56.6
SRR2938063_1182	AAZ98835	68.89	45	14	0	142	8	27	71	1e-17	72.4
SRR2938063_1185	gi|499230504|ref|WP_010928044.1|	69.57	46	14	0	3	140	924	969	1e-13	63.9
SRR2938063_1186	AB114632.1.gene2.p01	97.87	47	1	0	2	142	116	162	7e-25	92.4
SRR2938063_1187	AAV80410	97.83	46	1	0	3	140	29	74	4e-23	90.1
SRR2938063_1188	gi|504873101|ref|WP_015060203.1|	100.00	47	0	0	1	141	7	53	9e-26	95.1
SRR2938063_1189	YP_001186705	73.33	30	8	0	26	115	895	924	1e-09	52.4
SRR2938063_1192	gi|516364340|ref|WP_017754373.1|	93.62	47	3	0	2	142	105	151	4e-25	94.0
SRR2938063_1193	AE016830.1.gene768.p01	76.09	46	11	0	140	3	125	170	3e-20	81.6
SRR2938063_1195	ABQ96629	100.00	43	0	0	129	1	149	191	7e-23	87.0
SRR2938063_1196	gi|823299155|ref|WP_047054544.1|	71.11	45	13	0	140	6	144	188	2e-15	68.6
SRR2938063_1197	ZP_04405450	96.77	31	1	0	113	21	275	305	4e-18	73.9
SRR2938063_1198	CAI94891	80.43	46	9	0	140	3	80	125	6e-19	77.4
SRR2938063_1199	AE016830.1.gene768.p01	78.72	47	10	0	1	141	116	162	5e-20	81.3
SRR2938063_1201	gi|542061059|gb|ERI11611.1|	70.97	31	9	0	116	24	144	174	5e-09	49.3
SRR2938063_1202	gi|637008561|ref|WP_024410015.1|	67.86	28	9	0	86	3	6	33	1e-08	48.9
SRR2938063_1203	gi|943909899|ref|WP_055545300.1|	59.57	47	19	0	141	1	511	557	4e-11	56.2
SRR2938063_1204	BAD46890	100.00	47	0	0	141	1	26	72	1e-26	 100
SRR2938063_1205	gi|930426663|ref|WP_054189647.1|	50.00	36	18	0	5	112	541	576	3e-08	47.8
SRR2938063_1208	CP004022.1.gene1674.p01	63.04	46	17	0	140	3	388	433	8e-13	61.2
SRR2938063_1209	AF313472.2.gene15.p01	100.00	40	0	0	3	122	61	100	1e-21	83.2
SRR2938063_1210	AB114632.1.gene2.p01	97.83	46	1	0	140	3	20	65	9e-25	92.0
SRR2938063_1211	gi|748767925|ref|WP_040019608.1|	59.57	47	19	0	1	141	392	438	9e-12	58.2
SRR2938063_1213	U19459.gene.p01	86.96	46	6	0	139	2	60	105	1e-24	91.3
SRR2938063_1216	gi|556464170|ref|WP_023315960.1|	100.00	47	0	0	141	1	221	267	2e-26	97.1
SRR2938063_1218	AAP83161	100.00	47	0	0	1	141	31	77	5e-26	96.7
SRR2938063_1219	AAA27431	100.00	46	0	0	3	140	198	243	8e-25	92.4
SRR2938063_1221	gi|446519894|ref|WP_000597240.1|	80.00	45	9	0	4	138	495	539	5e-17	73.2
SRR2938063_1222	gi|446026113|ref|WP_000103968.1|	46.94	49	23	1	4	141	117	165	3e-08	47.0
SRR2938063_1223	CP003583.1.gene2512.p01	97.87	47	1	0	1	141	178	224	1e-25	97.4
SRR2938063_1226	AF071555.1.gene10.p01	100.00	47	0	0	142	2	24	70	2e-25	91.3
SRR2938063_1228	YP_001477378	60.98	41	16	0	2	124	162	202	8e-11	55.1
SRR2938063_1229	EU675686.2.gene7.p01	100.00	47	0	0	2	142	72	118	4e-29	 100
SRR2938063_1230	FJ349556.1.gene2.p01	65.00	40	14	0	18	137	23	62	3e-11	54.7
SRR2938063_1234	ABX79411	72.41	29	8	0	142	56	80	108	9e-10	50.8
SRR2938063_1237	AAB58161	66.67	33	11	0	39	137	50	82	3e-09	51.2
SRR2938063_1239	DQ464881.1.gene4.p01	100.00	47	0	0	142	2	33	79	3e-27	97.1
SRR2938063_1240	AF313472.2.gene15.p01	100.00	46	0	0	2	139	41	86	3e-26	96.3
SRR2938063_1241	EU675686.2.gene7.p01	100.00	46	0	0	140	3	35	80	2e-25	90.9
SRR2938063_1242	gi|817122037|ref|WP_046494699.1|	67.50	40	13	0	120	1	552	591	1e-11	57.8
SRR2938063_1247	gi|488969525|ref|WP_002880478.1|	72.34	47	13	0	2	142	378	424	4e-16	70.9
SRR2938063_1250	YP_002434803	73.81	42	11	0	126	1	3	44	5e-17	70.5
SRR2938063_1251	gi|938897327|ref|WP_054681472.1|	66.67	45	15	0	3	137	65	109	4e-13	59.7
SRR2938063_1254	YP_002850805	62.22	45	17	0	141	7	74	118	5e-13	61.6
SRR2938063_1255	AF319779.2.orf0.gene.p01	100.00	27	0	0	82	2	1	27	7e-12	57.0
SRR2938063_1257	gi|545272242|ref|WP_021561466.1|	100.00	46	0	0	140	3	99	144	6e-27	98.2
SRR2938063_1259	AJ416344.1.gene1.p01	81.40	43	8	0	6	134	213	255	2e-21	82.8
SRR2938063_1262	gi|489012008|ref|WP_002922543.1|	77.78	45	10	0	135	1	373	417	5e-16	70.5
SRR2938063_1264	DQ464881.1.gene4.p01	100.00	47	0	0	142	2	7	53	9e-28	98.2
SRR2938063_1266	L20800.gene.p01	59.57	47	19	0	1	141	44	90	9e-14	63.9
SRR2938063_1272	gi|545272242|ref|WP_021561466.1|	100.00	46	0	0	140	3	175	220	3e-26	96.3
SRR2938063_1274	ZP_04612558	63.83	47	17	0	1	141	110	156	2e-14	65.1
SRR2938063_1277	P70882	100.00	46	0	0	3	140	484	529	2e-28	 105
SRR2938063_1278	AAF24091	60.87	46	18	0	4	141	406	451	5e-14	64.3
SRR2938063_1279	YP_001373621	52.17	46	22	0	140	3	129	174	3e-09	50.1
SRR2938063_1283	M80346.gene.p01	56.82	44	19	0	2	133	170	213	1e-08	48.9
SRR2938063_1284	NP_348076	55.81	43	19	0	130	2	6	48	2e-10	53.9
SRR2938063_1285	gi|757611971|ref|WP_042856953.1|	65.22	46	16	0	3	140	433	478	9e-15	66.6
SRR2938063_1286	L42544.gene.p01	82.61	46	8	0	3	140	343	388	5e-20	81.6
SRR2938063_1287	gi|447201627|ref|WP_001278883.1|	71.43	35	10	0	121	17	33	67	2e-10	52.4
SRR2938063_1290	P70882	100.00	47	0	0	1	141	449	495	3e-29	 107
SRR2938063_1291	BAD46890	100.00	47	0	0	1	141	332	378	1e-27	 103
SRR2938063_1295	gi|835233765|ref|WP_047410073.1|	65.22	46	16	0	3	140	27	72	4e-13	62.0
SRR2938063_1296	gi|319894056|gb|ADV76307.1|	100.00	46	0	0	3	140	591	636	8e-29	 106
SRR2938063_1298	YP_792720	65.22	46	16	0	140	3	865	910	3e-12	59.7
SRR2938063_1299	AJ420072.gene.p01	100.00	47	0	0	1	141	51	97	4e-24	91.7
SRR2938063_1300	DQ464881.1.gene4.p01	100.00	38	0	0	1	114	126	163	2e-20	79.3
SRR2938063_1301	ABX79411	62.86	35	13	0	15	119	71	105	5e-10	51.2
SRR2938063_1304	gi|542061059|gb|ERI11611.1|	73.91	46	11	1	6	140	161	206	4e-16	68.9
SRR2938063_1306	gi|920549847|ref|WP_052999080.1|	64.10	39	14	0	118	2	362	400	6e-10	52.8
SRR2938063_1308	BAD46890	100.00	46	0	0	3	140	327	372	1e-27	 103
SRR2938063_1309	gi|545272242|ref|WP_021561466.1|	100.00	47	0	0	2	142	77	123	4e-26	95.9
SRR2938063_1310	gi|671541568|ref|WP_031525212.1|	65.22	46	16	0	3	140	177	222	7e-16	69.7
SRR2938063_1311	gi|924626178|ref|WP_053530123.1|	53.33	45	21	0	6	140	128	172	3e-09	50.4
SRR2938063_1313	gi|987887954|ref|WP_060953374.1|	63.89	36	13	0	2	109	562	597	6e-09	50.1
SRR2938063_1314	AB114632.1.gene2.p01	100.00	47	0	0	142	2	147	193	1e-26	97.4
SRR2938063_1316	gi|545272242|ref|WP_021561466.1|	100.00	47	0	0	1	141	69	115	9e-26	95.1
SRR2938063_1318	gi|32345908|gb|AAM97248.1|	60.87	46	18	0	5	142	237	282	2e-13	62.4
SRR2938063_1319	gi|817122037|ref|WP_046494699.1|	63.04	46	17	0	141	4	549	594	4e-13	62.0
SRR2938063_1320	AF030344.gene.p01	61.70	47	18	0	142	2	315	361	4e-13	61.6
SRR2938063_1321	AJ514254.gene.p01	100.00	46	0	0	140	3	115	160	4e-24	93.2
SRR2938063_1323	ZP_04464540	63.64	44	16	0	134	3	155	198	6e-13	61.6
SRR2938063_1324	NC_002745.1124086.p01	58.70	46	19	0	139	2	64	109	1e-12	57.8
SRR2938063_1327	AY082011.1.gene2.p1	62.86	35	13	0	124	20	95	129	2e-11	53.9
SRR2938063_1328	gi|738114161|ref|WP_036072414.1|	66.67	42	14	0	10	135	39	80	1e-11	57.4
SRR2938063_1330	YP_792720	67.39	46	15	0	140	3	859	904	4e-13	62.0
SRR2938063_1332	AB114632.1.gene2.p01	95.74	47	2	0	141	1	14	60	3e-24	90.9
SRR2938063_1333	YP_001779894	84.44	45	7	0	140	6	137	181	4e-22	84.3
SRR2938063_1335	gi|545272242|ref|WP_021561466.1|	100.00	47	0	0	142	2	163	209	1e-27	99.8
SRR2938063_1338	gi|555268037|ref|WP_023249477.1|	68.89	45	14	0	3	137	133	177	6e-15	67.0
SRR2938063_1339	gi|445996708|ref|WP_000074563.1|	58.33	48	18	1	3	140	149	196	4e-11	55.1
SRR2938063_1340	gi|488231473|ref|WP_002302681.1|	68.09	47	15	0	2	142	152	198	4e-16	70.1
SRR2938063_1347	CP001485.1.gene721.p01	69.77	43	13	0	142	14	78	120	1e-15	66.2
SRR2938063_1348	YP_001266290	69.57	46	13	1	7	141	895	940	1e-13	63.5
SRR2938063_1350	gi|748767925|ref|WP_040019608.1|	61.70	47	18	0	1	141	385	431	4e-16	70.5
SRR2938063_1351	gi|1045390184|ref|WP_065479071.1|	60.00	45	18	0	141	7	540	584	7e-13	61.2
SRR2938063_1355	gi|817122037|ref|WP_046494699.1|	52.27	44	21	0	2	133	558	601	8e-11	55.5
SRR2938063_1356	AF071555.1.gene10.p01	95.12	41	2	0	123	1	3	43	2e-20	78.2
SRR2938063_1357	NC_002745.1124086.p01	71.43	28	8	0	1	84	90	117	9e-09	46.6
SRR2938063_1358	AJ420072.gene.p01	100.00	47	0	0	142	2	286	332	1e-10	54.7
SRR2938063_1360	AAA27431	97.87	47	1	0	2	142	126	172	6e-27	98.2
SRR2938063_1361	ZP_04405450	100.00	19	0	0	140	84	287	305	9e-09	48.5
SRR2938063_1363	CP001485.1.gene721.p01	66.67	30	10	0	92	3	69	98	3e-08	46.6
SRR2938063_1364	P70882	100.00	47	0	0	141	1	342	388	4e-26	99.0
SRR2938063_1366	gi|757781454|ref|WP_043000038.1|	60.87	46	18	0	142	5	99	144	4e-16	70.5
SRR2938063_1367	AF121000.gene.p01	73.33	45	12	0	137	3	135	179	1e-14	65.5
SRR2938063_1368	gi|748767925|ref|WP_040019608.1|	58.14	43	18	0	140	12	399	441	7e-11	55.5
SRR2938063_1371	CAQ86961	94.74	38	2	0	116	3	1	38	8e-21	81.3
SRR2938063_1373	gi|505807117|ref|WP_015704872.1|	63.04	46	17	0	3	140	132	177	7e-14	64.3
SRR2938063_1374	YP_001477378	69.57	46	14	0	140	3	63	108	1e-16	70.9
SRR2938063_1375	ZP_04055725	77.78	45	10	0	4	138	157	201	1e-17	72.8
SRR2938063_1377	gi|558888514|ref|WP_023543283.1|	65.91	44	15	0	134	3	499	542	2e-12	60.1
SRR2938063_1379	FR772051.1.gene9.p01	63.04	46	17	0	140	3	384	429	6e-13	61.2
SRR2938063_1380	gi|686197643|ref|WP_031807899.1|	61.11	36	14	0	109	2	356	391	2e-10	53.5
SRR2938063_1381	AF313472.2.gene15.p01	100.00	46	0	0	140	3	42	87	5e-26	95.9
SRR2938063_1382	gi|446519900|ref|WP_000597246.1|	61.70	47	18	0	2	142	414	460	2e-12	59.7
SRR2938063_1383	gi|537465895|ref|WP_020977391.1|	61.36	44	17	0	137	6	447	490	4e-12	58.9
SRR2938063_1385	gi|920549847|ref|WP_052999080.1|	68.09	47	15	0	142	2	356	402	3e-16	70.9
SRR2938063_1386	gi|920543935|ref|WP_052997557.1|	70.21	47	14	0	2	142	447	493	7e-17	72.8
SRR2938063_1387	NC_010558.1.6276115.p01	100.00	47	0	0	2	142	6	52	1e-27	 100
SRR2938063_1391	AY027870.1.gene1.p01	59.52	42	17	0	129	4	31	72	3e-10	52.8
SRR2938063_1393	gi|938460528|ref|WP_054624864.1|	71.74	46	13	0	4	141	527	572	2e-15	68.6
SRR2938063_1394	DQ464881.1.gene4.p01	100.00	40	0	0	142	23	124	163	2e-22	84.3
SRR2938063_1397	YP_001434323	58.33	36	15	0	108	1	41	76	2e-08	47.8
SRR2938063_1398	AF121000.gene.p01	61.90	42	16	0	6	131	254	295	4e-11	55.5
SRR2938063_1399	AAN28721	69.70	33	10	0	8	106	41	73	2e-11	53.9
SRR2938063_1402	CP001485.1.gene721.p01	67.39	46	15	0	1	138	73	118	6e-17	70.1
SRR2938063_1403	gi|545272242|ref|WP_021561466.1|	100.00	47	0	0	141	1	100	146	3e-27	99.0
SRR2938063_1404	gi|950233763|ref|WP_057277726.1|	49.02	51	19	1	4	135	92	142	5e-08	45.8
SRR2938063_1405	Q52360	100.00	46	0	0	140	3	238	283	4e-26	98.6
SRR2938063_1406	Q52360	100.00	47	0	0	142	2	87	133	2e-24	94.4
SRR2938063_1408	gi|545272242|ref|WP_021561466.1|	95.74	47	2	0	141	1	96	142	1e-25	94.4
SRR2938063_1410	gi|693139507|ref|WP_032281183.1|	67.39	46	15	0	2	139	365	410	3e-14	65.5
SRR2938063_1411	ABV82118	58.70	46	19	0	1	138	51	96	1e-14	66.2
SRR2938063_1413	AAA50325	58.33	36	15	0	135	28	189	224	6e-08	47.0
SRR2938063_1416	gi|748448280|gb|AJE60963.1|	97.87	47	1	0	2	142	554	600	6e-26	98.6
SRR2938063_1417	gi|919973700|ref|WP_052924616.1|	100.00	47	0	0	142	2	166	212	3e-25	93.6
SRR2938063_1418	gi|553755386|ref|WP_023088115.1|	64.44	45	16	0	141	7	33	77	2e-15	65.9
SRR2938063_1419	gi|746243059|ref|WP_039291473.1|	62.22	45	17	0	7	141	17	61	5e-12	58.9
SRR2938063_1420	KJ363320.1.gene3.p01	100.00	47	0	0	1	141	42	88	1e-24	91.7
SRR2938063_1421	P70882	100.00	47	0	0	1	141	473	519	3e-29	 107
SRR2938063_1422	CAB61229	73.17	41	11	0	125	3	75	115	2e-14	63.2
SRR2938063_1423	ZP_04405450	96.77	31	1	0	111	19	275	305	4e-18	73.9
SRR2938063_1424	gi|851928593|ref|WP_048220996.1|	62.50	40	15	0	4	123	92	131	3e-13	62.4
SRR2938063_1426	gi|748767925|ref|WP_040019608.1|	63.83	47	17	0	1	141	516	562	2e-14	65.5
SRR2938063_1427	ZP_04405450	96.77	31	1	0	113	21	275	305	4e-18	73.9
SRR2938063_1429	gi|664100597|ref|WP_030638327.1|	72.09	43	12	0	1	129	488	530	1e-14	66.2
SRR2938063_1430	gi|1011969930|ref|WP_062776015.1|	62.22	45	17	0	6	140	513	557	7e-12	58.5
SRR2938063_1433	AAG14406	100.00	47	0	0	141	1	14	60	3e-26	96.7
SRR2938063_1435	AM410044.gene9.p01	80.43	46	9	0	4	141	1	46	7e-23	84.3
SRR2938063_1437	gi|751908677|ref|WP_041124075.1|	100.00	46	0	0	3	140	122	167	3e-26	96.3
SRR2938063_1438	M57437.gene.p01	58.14	43	18	0	134	6	23	65	1e-09	51.6
SRR2938063_1441	AJ514254.gene.p01	89.36	47	5	0	1	141	334	380	2e-21	85.9
SRR2938063_1443	gi|749639729|ref|WP_040241690.1|	58.54	41	17	0	4	126	31	71	1e-11	57.4
SRR2938063_1444	gi|935552845|ref|WP_054445898.1|	100.00	46	0	0	1	138	233	278	5e-26	95.9
SRR2938063_1445	AAW34142	60.00	40	16	0	4	123	70	109	2e-10	54.7
SRR2938063_1448	YP_001290033	63.83	47	17	0	2	142	146	192	3e-14	65.5
SRR2938063_1449	gi|1031799645|ref|WP_064138838.1|	60.87	46	18	0	2	139	458	503	2e-11	56.6
SRR2938063_1450	GQ205627.2.gene3.p01	74.47	47	11	1	1	141	57	102	5e-22	84.3
SRR2938063_1452	ZP_04623896	63.83	47	17	0	1	141	18	64	2e-17	73.2
SRR2938063_1454	AB114632.1.gene2.p01	97.83	46	1	0	3	140	44	89	2e-23	88.2
SRR2938063_1455	gi|446026113|ref|WP_000103968.1|	61.70	47	17	1	3	140	143	189	6e-13	60.5
SRR2938063_1456	gi|754927849|ref|WP_042284850.1|	63.83	47	17	0	141	1	133	179	3e-15	68.2
SRR2938063_1457	gi|950233763|ref|WP_057277726.1|	64.10	39	14	0	133	17	154	192	4e-12	57.0
SRR2938063_1458	ABB70056	97.56	41	1	0	142	20	45	85	9e-23	89.4
SRR2938063_1459	gi|895865878|ref|WP_048974758.1|	62.79	43	16	0	131	3	134	176	1e-10	55.1
SRR2938063_1460	AF371964.1.gene1.p1	69.77	43	13	0	130	2	171	213	2e-15	66.2
SRR2938063_1464	gi|1035706844|ref|WP_064548272.1|	63.16	38	12	1	29	142	17	52	2e-08	48.1
SRR2938063_1465	P70882	57.78	45	19	0	142	8	52	96	1e-14	66.2
SRR2938063_1466	CP001918.1.gene5135.p01	62.22	45	17	0	1	135	52	96	7e-14	61.6
SRR2938063_1467	gi|494938585|ref|WP_007664615.1|	54.35	46	18	1	140	3	128	170	2e-08	48.5
SRR2938063_1469	AF313472.2.gene15.p01	97.87	47	1	0	1	141	71	117	2e-25	94.4
SRR2938063_1470	CAQ86961	96.00	25	1	0	66	140	1	25	1e-11	56.2
SRR2938063_1472	gi|948137056|ref|WP_056795395.1|	68.89	45	14	0	137	3	540	584	1e-13	63.2
SRR2938063_1474	gi|502019090|ref|WP_012695459.1|	97.83	46	1	0	3	140	1	46	7e-27	98.6
SRR2938063_1476	AY162283.2.gene7.p01	100.00	46	0	0	3	140	130	175	5e-25	91.7
SRR2938063_1477	CP003583.1.gene2512.p01	61.70	47	18	0	2	142	453	499	2e-13	62.4
SRR2938063_1480	ZP_04055725	62.79	43	16	0	140	12	175	217	5e-10	52.0
SRR2938063_1481	L42544.gene.p01	100.00	46	0	0	140	3	543	588	7e-26	98.2
SRR2938063_1484	gi|917203192|ref|WP_051809904.1|	62.22	45	17	0	3	137	554	598	2e-12	60.1
SRR2938063_1485	DQ464881.1.gene4.p01	100.00	47	0	0	1	141	75	121	6e-29	 101
SRR2938063_1486	AJ809407.1.gene1.p01	100.00	46	0	0	140	3	77	122	4e-27	98.6
SRR2938063_1489	YP_009182146.1	100.00	47	0	0	2	142	48	94	3e-25	90.5
SRR2938063_1490	gi|1031799645|ref|WP_064138838.1|	76.09	46	11	0	140	3	466	511	9e-18	75.1
SRR2938063_1491	gi|196026161|gb|EDX64829.1|	52.50	40	19	0	141	22	296	335	7e-09	49.3
SRR2938063_1493	AJ514254.gene.p01	100.00	46	0	0	140	3	115	160	4e-24	93.2
SRR2938063_1494	gi|655413091|ref|WP_028811890.1|	65.96	47	16	0	2	142	491	537	1e-10	54.7
SRR2938063_1496	gi|1011969930|ref|WP_062776015.1|	68.09	47	15	0	141	1	520	566	7e-15	67.0
SRR2938063_1497	gi|1028100280|ref|WP_063856415.1|	100.00	42	0	0	2	127	259	300	3e-22	87.8
SRR2938063_1498	AB114632.1.gene2.p01	100.00	47	0	0	141	1	77	123	1e-28	 102
SRR2938063_1499	gi|445996714|ref|WP_000074569.1|	64.44	45	14	1	5	139	11	53	2e-12	58.9
SRR2938063_1500	gi|919973700|ref|WP_052924616.1|	100.00	47	0	0	142	2	166	212	3e-25	93.6
SRR2938063_1501	NP_348076	59.57	47	19	0	141	1	4	50	3e-12	59.3
SRR2938063_1502	gi|835822517|ref|WP_047669155.1|	76.74	43	10	0	2	130	35	77	1e-15	66.6
SRR2938063_1505	AAF24091	60.87	46	18	0	4	141	406	451	5e-14	64.3
SRR2938063_1507	gi|504079558|ref|WP_014313552.1|	93.48	46	3	0	140	3	333	378	7e-24	90.9
SRR2938063_1509	AAN28721	63.04	46	15	1	140	3	27	70	9e-15	62.8
SRR2938063_1510	ACM47287	62.79	43	16	0	129	1	88	130	4e-15	66.6
SRR2938063_1512	AJ514254.gene.p01	100.00	35	0	0	107	3	1	35	1e-16	72.0
SRR2938063_1513	YP_316450	61.90	42	16	0	12	137	144	185	1e-11	56.2
SRR2938063_1514	YP_316450	62.79	43	16	0	12	140	144	186	5e-12	57.4
SRR2938063_1515	A7FMC1	61.36	44	17	0	2	133	163	206	2e-13	60.8
SRR2938063_1517	AB114632.1.gene2.p01	100.00	42	0	0	128	3	84	125	1e-24	91.7
SRR2938063_1519	AF462611.1.orf0.gene.p01	72.34	47	13	0	141	1	118	164	1e-20	80.9
SRR2938063_1520	YP_001176128	65.22	46	16	0	138	1	20	65	4e-14	64.7
SRR2938063_1523	gi|948137056|ref|WP_056795395.1|	60.47	43	17	0	7	135	547	589	4e-11	56.2
SRR2938063_1524	gi|485787669|ref|WP_001409905.1|	60.53	38	15	0	1	114	181	218	4e-10	53.1
SRR2938063_1525	AF313472.2.gene15.p01	97.56	41	1	0	19	141	1	41	2e-23	88.2
SRR2938063_1526	AAN28721	69.23	26	8	0	141	64	50	75	2e-08	45.8
SRR2938063_1529	gi|486425021|ref|WP_001614493.1|	60.87	46	18	0	4	141	144	189	3e-12	59.3
SRR2938063_1532	AY082011.1.gene2.p1	95.45	44	2	0	3	134	91	134	1e-27	97.1
SRR2938063_1533	BAD46890	100.00	47	0	0	2	142	93	139	3e-25	96.3
SRR2938063_1534	YP_001797193	63.41	41	14	1	22	141	7	47	4e-09	49.3
SRR2938063_1535	X63451.gene.p01	60.00	40	16	0	128	9	161	200	2e-09	50.8
SRR2938063_1536	YP_001477378	63.64	44	16	0	142	11	68	111	2e-14	65.5
SRR2938063_1538	gi|1035706844|ref|WP_064548272.1|	60.00	45	18	0	137	3	27	71	6e-12	58.5
SRR2938063_1539	gi|447203848|ref|WP_001281104.1|	66.67	45	15	0	135	1	59	103	1e-15	67.0
SRR2938063_1541	CAB61224	60.00	35	14	0	37	141	183	217	8e-11	54.3
SRR2938063_1542	FR772051.1.gene9.p01	57.78	45	19	0	140	6	376	420	3e-10	53.5
SRR2938063_1543	gi|749002628|ref|WP_040062280.1|	60.00	40	16	0	17	136	28	67	6e-10	50.8
SRR2938063_1547	AAN28721	67.39	46	13	1	3	140	31	74	5e-17	68.9
SRR2938063_1550	AJ420072.gene.p01	100.00	27	0	0	83	3	324	350	2e-11	56.6
SRR2938063_1554	AF313472.2.gene15.p01	100.00	44	0	0	1	132	43	86	8e-25	92.4
SRR2938063_1555	AF313472.2.gene15.p01	97.87	47	1	0	142	2	92	138	9e-26	95.1
SRR2938063_1556	AF121000.gene.p01	61.90	42	13	1	1	126	346	384	1e-08	48.9
SRR2938063_1557	gi|817122037|ref|WP_046494699.1|	60.00	45	18	0	8	142	538	582	1e-12	60.8
SRR2938063_1558	gi|1035686596|ref|WP_064530178.1|	75.86	29	7	0	96	10	131	159	4e-09	50.4
SRR2938063_1559	gi|497896441|ref|WP_010210597.1|	64.44	45	16	0	141	7	153	197	2e-14	65.9
SRR2938063_1562	gi|938466753|ref|WP_054627812.1|	62.22	45	17	0	136	2	11	55	1e-14	63.5
SRR2938063_1566	gi|751908677|ref|WP_041124075.1|	100.00	47	0	0	141	1	127	173	2e-27	99.8
SRR2938063_1567	AAV80410	97.83	46	1	0	140	3	221	266	1e-24	94.7
SRR2938063_1568	AAA50325	53.49	43	20	0	132	4	398	440	6e-08	47.0
SRR2938063_1569	gi|503923650|ref|WP_014157644.1|	61.70	47	18	0	141	1	524	570	7e-14	63.9
SRR2938063_1570	gi|917203192|ref|WP_051809904.1|	64.44	45	16	0	135	1	519	563	6e-13	61.2
SRR2938063_1571	gi|920603193|ref|WP_053015382.1|	60.53	38	15	0	4	117	541	578	4e-10	53.5
SRR2938063_1572	gi|764403576|ref|WP_044352039.1|	100.00	47	0	0	2	142	1	47	9e-30	 105
SRR2938063_1573	gi|742378414|ref|WP_038857601.1|	67.44	43	14	0	140	12	147	189	4e-13	62.0
SRR2938063_1574	AL939114.1.orf1.gene.p01	60.47	43	16	1	140	15	3	45	2e-11	54.3
SRR2938063_1575	gi|657888313|ref|WP_029592374.1|	69.57	46	14	0	4	141	131	176	6e-16	70.1
SRR2938063_1577	ZP_03063004	76.60	47	11	0	1	141	27	73	7e-19	76.3
SRR2938063_1578	AAW34142	64.71	34	12	0	37	138	66	99	2e-08	48.1
SRR2938063_1580	gi|445983920|ref|WP_000061775.1|	65.22	46	16	0	140	3	14	59	9e-17	72.0
SRR2938063_1581	ZP_03989103	83.78	37	6	0	111	1	1	37	1e-14	66.6
SRR2938063_1582	FN594949.1.gene24.p01	62.50	40	15	0	120	1	67	106	4e-11	56.2
SRR2938063_1586	gi|780033092|ref|WP_045444768.1|	70.00	40	12	0	140	21	24	63	1e-13	63.2
SRR2938063_1587	gi|926351744|ref|WP_053683383.1|	67.39	46	15	0	4	141	522	567	6e-12	58.5
SRR2938063_1590	gi|1031799645|ref|WP_064138838.1|	73.91	46	12	0	140	3	466	511	3e-17	73.6
SRR2938063_1591	NC_002745.1124086.p01	48.84	43	22	0	140	12	26	68	1e-08	46.6
SRR2938063_1593	AAV80410	97.87	47	1	0	1	141	35	81	3e-25	96.3
SRR2938063_1594	gi|510143239|gb|AGN36970.1|	64.29	42	15	0	129	4	27	68	6e-12	57.4
SRR2938063_1598	gi|742378414|ref|WP_038857601.1|	61.11	36	14	0	3	110	153	188	7e-09	49.7
SRR2938063_1599	CAL48457	71.79	39	10	1	140	24	43	80	8e-13	58.5
SRR2938063_1600	AY712687.1.gene1.p01	91.30	46	4	0	3	140	36	81	1e-23	89.0
SRR2938063_1602	gi|496018010|ref|WP_008742581.1|	65.91	44	15	0	132	1	519	562	2e-14	65.9
SRR2938063_1604	gi|748767925|ref|WP_040019608.1|	61.70	47	18	0	1	141	509	555	2e-12	59.7
SRR2938063_1605	gi|748767925|ref|WP_040019608.1|	62.79	43	16	0	135	7	555	597	4e-12	59.3
SRR2938063_1606	YP_009182146.1	100.00	46	0	0	140	3	39	84	4e-25	90.1
SRR2938063_1608	NC_010558.1.6276115.p01	100.00	47	0	0	142	2	6	52	1e-27	 100
SRR2938063_1610	DQ464881.1.gene4.p01	100.00	46	0	0	3	140	49	94	2e-27	97.4
SRR2938063_1612	Q52360	100.00	47	0	0	1	141	297	343	4e-27	 101
SRR2938063_1613	gi|944009777|ref|WP_055601444.1|	66.67	42	14	0	1	126	548	589	3e-13	62.0
SRR2938063_1614	BAD46890	100.00	47	0	0	1	141	28	74	3e-26	99.4
SRR2938063_1615	gi|695257004|ref|WP_032488331.1|	100.00	47	0	0	141	1	139	185	2e-28	 102
SRR2938063_1616	gi|950233763|ref|WP_057277726.1|	64.10	39	14	0	133	17	154	192	4e-12	57.0
SRR2938063_1617	ZP_04405450	100.00	29	0	0	2	88	277	305	2e-16	69.7
SRR2938063_1618	AF121000.gene.p01	72.34	47	13	0	2	142	289	335	2e-16	70.9
SRR2938063_1619	ZP_04405450	96.77	31	1	0	126	34	275	305	7e-18	73.6
SRR2938063_1620	gi|769934495|ref|WP_045068423.1|	60.87	46	18	0	141	4	275	320	1e-14	65.9
SRR2938063_1622	P70882	93.33	45	3	0	136	2	293	337	1e-22	89.0
